{
  "capture_dir": "/Users/tpdubya/Downloads/WIRELESS/DEFINED-SDR copy/GH_DEFINED_SDR/captures/defined_pilot_sweep_20260421_195635_qpsk_paper_k04_r04_a01",
  "post_costas_file": "/Users/tpdubya/Downloads/WIRELESS/DEFINED-SDR copy/GH_DEFINED_SDR/captures/defined_pilot_sweep_20260421_195635_qpsk_paper_k04_r04_a01/received_processed_qpsk.bin",
  "tx_frame": "/Users/tpdubya/Downloads/WIRELESS/DEFINED-SDR copy/GH_DEFINED_SDR/captures/defined_pilot_sweep_20260421_195635_qpsk_paper_k04_r04_a01/transmitted_frame.bin",
  "metadata": "/Users/tpdubya/Downloads/WIRELESS/DEFINED-SDR copy/GH_DEFINED_SDR/captures/defined_pilot_sweep_20260421_195635_qpsk_paper_k04_r04_a01/frame_metadata.json",
  "sync_mode": "pn_repeated",
  "sync_repeats": 2,
  "sync_preamble_symbols": 8192,
  "sfd_symbols": 127,
  "best_phase": {
    "phase": 7,
    "frame_start": 110337,
    "pilot_start": 118656,
    "lock_score": 0.9897164702415466,
    "frame_lock_pilots_checked": 1,
    "sync_source": "pn_repeated_sfd",
    "sfd_pos": 118529,
    "sfd_score": 0.9897164702415466,
    "sync_omega_hat": -1.7945077646075447e-09,
    "sync_phase_hat": 1.5766553373327092,
    "payload_cycle_offset": 0,
    "mean_pilot_ber": 0.0,
    "mean_snr_db": 3.128699560085864,
    "overall_ber": 0.1111111111111111,
    "total_errors": 6,
    "total_bits": 54,
    "payload_results": [
      {
        "payload_index": 0,
        "pilot_pos": 118656,
        "pilot_drift": 0,
        "pilot_score": 0.933681309223175,
        "pilot_ber": 0.0,
        "channel_real": 0.14788168668746948,
        "channel_imag": -0.0800451934337616,
        "channel_mag": 0.16815536342733528,
        "channel_phase_deg": -28.42573539539071,
        "snr_db": 3.128699560085864,
        "payload_snr_db": 3.128699560085864,
        "pilot_snr_db": 8.323761587184123,
        "expected_payload_index": 0,
        "bit_errors": 6,
        "bits": 54,
        "ber": 0.1111111111111111
      }
    ]
  },
  "all_phases": [
    {
      "phase": 0,
      "lock_score": 0.050434011965990067,
      "mean_pilot_ber": 0.0,
      "overall_ber": 0.42592592592592593,
      "sync_source": "pn_repeated_sfd",
      "sfd_pos": 109879,
      "sfd_score": 0.2261926233768463,
      "sync_omega_hat": -3.736290409506182e-06,
      "sync_phase_hat": -2.075462034638174,
      "payload_cycle_offset": 0
    },
    {
      "phase": 1,
      "lock_score": 0.05070064216852188,
      "mean_pilot_ber": 0.0,
      "overall_ber": 0.42592592592592593,
      "sync_source": "pn_repeated_sfd",
      "sfd_pos": 109879,
      "sfd_score": 0.2279530018568039,
      "sync_omega_hat": -3.736273811227875e-06,
      "sync_phase_hat": -2.062119680702944,
      "payload_cycle_offset": 0
    },
    {
      "phase": 2,
      "lock_score": 0.051012132316827774,
      "mean_pilot_ber": 0.0,
      "overall_ber": 0.42592592592592593,
      "sync_source": "pn_repeated_sfd",
      "sfd_pos": 109879,
      "sfd_score": 0.22941921651363373,
      "sync_omega_hat": -3.7362551665864885e-06,
      "sync_phase_hat": -2.045080150854354,
      "payload_cycle_offset": 0
    },
    {
      "phase": 3,
      "lock_score": 0.05100252479314804,
      "mean_pilot_ber": 0.0,
      "overall_ber": 0.42592592592592593,
      "sync_source": "pn_repeated_sfd",
      "sfd_pos": 109879,
      "sfd_score": 0.2295362651348114,
      "sync_omega_hat": -3.7362601688073482e-06,
      "sync_phase_hat": -2.031301859033214,
      "payload_cycle_offset": 0
    },
    {
      "phase": 4,
      "lock_score": 0.05091911926865578,
      "mean_pilot_ber": 0.0,
      "overall_ber": 0.42592592592592593,
      "sync_source": "pn_repeated_sfd",
      "sfd_pos": 109879,
      "sfd_score": 0.23007012903690338,
      "sync_omega_hat": -3.7362751754699275e-06,
      "sync_phase_hat": -2.0178537077015193,
      "payload_cycle_offset": 0
    },
    {
      "phase": 5,
      "lock_score": 0.050773393362760544,
      "mean_pilot_ber": 0.0,
      "overall_ber": 0.42592592592592593,
      "sync_source": "pn_repeated_sfd",
      "sfd_pos": 109879,
      "sfd_score": 0.23004989326000214,
      "sync_omega_hat": -3.736263124665129e-06,
      "sync_phase_hat": -2.0102255779971085,
      "payload_cycle_offset": 0
    },
    {
      "phase": 6,
      "lock_score": 0.050427358597517014,
      "mean_pilot_ber": 0.0,
      "overall_ber": 0.42592592592592593,
      "sync_source": "pn_repeated_sfd",
      "sfd_pos": 109879,
      "sfd_score": 0.2317706048488617,
      "sync_omega_hat": -3.736336566362297e-06,
      "sync_phase_hat": -2.0194544124948846,
      "payload_cycle_offset": 0
    },
    {
      "phase": 7,
      "lock_score": 0.9897164702415466,
      "mean_pilot_ber": 0.0,
      "overall_ber": 0.1111111111111111,
      "sync_source": "pn_repeated_sfd",
      "sfd_pos": 118529,
      "sfd_score": 0.9897164702415466,
      "sync_omega_hat": -1.7945077646075447e-09,
      "sync_phase_hat": 1.5766553373327092,
      "payload_cycle_offset": 0
    },
    {
      "phase": 8,
      "lock_score": 0.9825146198272705,
      "mean_pilot_ber": 0.0,
      "overall_ber": 0.14814814814814814,
      "sync_source": "pn_repeated_sfd",
      "sfd_pos": 118529,
      "sfd_score": 0.9825146198272705,
      "sync_omega_hat": -1.6746823927604737e-09,
      "sync_phase_hat": 1.5768800406917307,
      "payload_cycle_offset": 0
    },
    {
      "phase": 9,
      "lock_score": 0.9729798436164856,
      "mean_pilot_ber": 0.0,
      "overall_ber": 0.18518518518518517,
      "sync_source": "pn_repeated_sfd",
      "sfd_pos": 118529,
      "sfd_score": 0.9729798436164856,
      "sync_omega_hat": -1.6000933911186621e-09,
      "sync_phase_hat": 1.5772989864256457,
      "payload_cycle_offset": 0
    },
    {
      "phase": 10,
      "lock_score": 0.9580636620521545,
      "mean_pilot_ber": 0.0,
      "overall_ber": 0.25925925925925924,
      "sync_source": "pn_repeated_sfd",
      "sfd_pos": 118529,
      "sfd_score": 0.9580636620521545,
      "sync_omega_hat": -1.517622805202734e-09,
      "sync_phase_hat": 1.5777899634039398,
      "payload_cycle_offset": 0
    },
    {
      "phase": 11,
      "lock_score": 0.9392255544662476,
      "mean_pilot_ber": 0.0,
      "overall_ber": 0.2962962962962963,
      "sync_source": "pn_repeated_sfd",
      "sfd_pos": 118529,
      "sfd_score": 0.9392255544662476,
      "sync_omega_hat": -1.3976415580430057e-09,
      "sync_phase_hat": 1.5781849654644278,
      "payload_cycle_offset": 0
    },
    {
      "phase": 12,
      "lock_score": 0.914219081401825,
      "mean_pilot_ber": 0.125,
      "overall_ber": 0.2962962962962963,
      "sync_source": "pn_repeated_sfd",
      "sfd_pos": 118529,
      "sfd_score": 0.914219081401825,
      "sync_omega_hat": -1.2716450115135558e-09,
      "sync_phase_hat": 1.578950548321765,
      "payload_cycle_offset": 0
    },
    {
      "phase": 13,
      "lock_score": 0.8845109343528748,
      "mean_pilot_ber": 0.125,
      "overall_ber": 0.3148148148148148,
      "sync_source": "pn_repeated_sfd",
      "sfd_pos": 118529,
      "sfd_score": 0.8845109343528748,
      "sync_omega_hat": -1.1396109611538918e-09,
      "sync_phase_hat": 1.579870431996763,
      "payload_cycle_offset": 0
    },
    {
      "phase": 14,
      "lock_score": 0.8471590876579285,
      "mean_pilot_ber": 0.125,
      "overall_ber": 0.3148148148148148,
      "sync_source": "pn_repeated_sfd",
      "sfd_pos": 118529,
      "sfd_score": 0.8471590876579285,
      "sync_omega_hat": -9.984367776993963e-10,
      "sync_phase_hat": 1.5807332000457552,
      "payload_cycle_offset": 0
    },
    {
      "phase": 15,
      "lock_score": 0.8047561049461365,
      "mean_pilot_ber": 0.125,
      "overall_ber": 0.35185185185185186,
      "sync_source": "pn_repeated_sfd",
      "sfd_pos": 118529,
      "sfd_score": 0.8047561049461365,
      "sync_omega_hat": -8.833341280656271e-10,
      "sync_phase_hat": 1.5819462290850654,
      "payload_cycle_offset": 0
    },
    {
      "phase": 16,
      "lock_score": 0.7559093236923218,