{
  "capture_dir": "/Users/tpdubya/Downloads/WIRELESS/DEFINED-SDR copy/GH_DEFINED_SDR/captures/defined_pilot_sweep_20260421_195635_qpsk_paper_k02_r02_a03",
  "post_costas_file": "/Users/tpdubya/Downloads/WIRELESS/DEFINED-SDR copy/GH_DEFINED_SDR/captures/defined_pilot_sweep_20260421_195635_qpsk_paper_k02_r02_a03/received_processed_qpsk.bin",
  "tx_frame": "/Users/tpdubya/Downloads/WIRELESS/DEFINED-SDR copy/GH_DEFINED_SDR/captures/defined_pilot_sweep_20260421_195635_qpsk_paper_k02_r02_a03/transmitted_frame.bin",
  "metadata": "/Users/tpdubya/Downloads/WIRELESS/DEFINED-SDR copy/GH_DEFINED_SDR/captures/defined_pilot_sweep_20260421_195635_qpsk_paper_k02_r02_a03/frame_metadata.json",
  "sync_mode": "pn_repeated",
  "sync_repeats": 2,
  "sync_preamble_symbols": 8192,
  "sfd_symbols": 127,
  "best_phase": {
    "phase": 3,
    "frame_start": 134598,
    "pilot_start": 142917,
    "lock_score": 0.044875022023916245,
    "frame_lock_pilots_checked": 1,
    "sync_source": "pn_repeated_sfd",
    "sfd_pos": 142790,
    "sfd_score": 0.20802617073059082,
    "sync_omega_hat": 8.270375673191666e-08,
    "sync_phase_hat": -1.188477760114115,
    "payload_cycle_offset": 0,
    "mean_pilot_ber": 0.25,
    "mean_snr_db": -11.425648386465571,
    "overall_ber": 0.4482758620689655,
    "total_errors": 26,
    "total_bits": 58,
    "payload_results": [
      {
        "payload_index": 0,
        "pilot_pos": 142917,
        "pilot_drift": 0,
        "pilot_score": 0.6663673520088196,
        "pilot_ber": 0.25,
        "channel_real": 0.047699470072984695,
        "channel_imag": -0.1999831646680832,
        "channel_mag": 0.20559305823861185,
        "channel_phase_deg": -76.58461245779877,
        "snr_db": -11.425648386465571,
        "payload_snr_db": -11.425648386465571,
        "pilot_snr_db": -0.9761178127449182,
        "expected_payload_index": 0,
        "bit_errors": 26,
        "bits": 58,
        "ber": 0.4482758620689655
      }
    ]
  },
  "all_phases": [
    {
      "phase": 0,
      "lock_score": 0.0437372587621212,
      "mean_pilot_ber": 0.25,
      "overall_ber": 0.4482758620689655,
      "sync_source": "pn_repeated_sfd",
      "sfd_pos": 142790,
      "sfd_score": 0.20045281946659088,
      "sync_omega_hat": 8.31649771271259e-08,
      "sync_phase_hat": -1.0769137300186487,
      "payload_cycle_offset": 0
    },
    {
      "phase": 1,
      "lock_score": 0.0443752259016037,
      "mean_pilot_ber": 0.25,
      "overall_ber": 0.46551724137931033,
      "sync_source": "pn_repeated_sfd",
      "sfd_pos": 142790,
      "sfd_score": 0.20435933768749237,
      "sync_omega_hat": 8.297669751300418e-08,
      "sync_phase_hat": -1.1142915416294326,
      "payload_cycle_offset": 0
    },
    {
      "phase": 2,
      "lock_score": 0.04472571983933449,
      "mean_pilot_ber": 0.25,
      "overall_ber": 0.43103448275862066,
      "sync_source": "pn_repeated_sfd",
      "sfd_pos": 142790,
      "sfd_score": 0.20659679174423218,
      "sync_omega_hat": 8.284573027594888e-08,
      "sync_phase_hat": -1.1534140042175327,
      "payload_cycle_offset": 0
    },
    {
      "phase": 3,
      "lock_score": 0.044875022023916245,
      "mean_pilot_ber": 0.25,
      "overall_ber": 0.4482758620689655,
      "sync_source": "pn_repeated_sfd",
      "sfd_pos": 142790,
      "sfd_score": 0.20802617073059082,
      "sync_omega_hat": 8.270375673191666e-08,
      "sync_phase_hat": -1.188477760114115,
      "payload_cycle_offset": 0
    },
    {
      "phase": 4,
      "lock_score": 0.04482131078839302,
      "mean_pilot_ber": 0.25,
      "overall_ber": 0.4482758620689655,
      "sync_source": "pn_repeated_sfd",
      "sfd_pos": 142790,
      "sfd_score": 0.20695748925209045,
      "sync_omega_hat": 8.257043759840599e-08,
      "sync_phase_hat": -1.221043319463027,
      "payload_cycle_offset": 0
    },
    {
      "phase": 5,
      "lock_score": 0.04444868117570877,
      "mean_pilot_ber": 0.25,
      "overall_ber": 0.43103448275862066,
      "sync_source": "pn_repeated_sfd",
      "sfd_pos": 142790,
      "sfd_score": 0.2057233452796936,
      "sync_omega_hat": 8.244924742939475e-08,
      "sync_phase_hat": -1.2553791766521207,
      "payload_cycle_offset": 0
    },
    {
      "phase": 6,
      "lock_score": 0.04385526105761528,
      "mean_pilot_ber": 0.25,
      "overall_ber": 0.4482758620689655,
      "sync_source": "pn_repeated_sfd",
      "sfd_pos": 142790,
      "sfd_score": 0.20394393801689148,
      "sync_omega_hat": 8.231709358597072e-08,
      "sync_phase_hat": -1.2907445937158837,
      "payload_cycle_offset": 0
    },
    {
      "phase": 7,
      "lock_score": 0.04308405518531799,
      "mean_pilot_ber": 0.25,
      "overall_ber": 0.43103448275862066,
      "sync_source": "pn_repeated_sfd",
      "sfd_pos": 142790,
      "sfd_score": 0.20175157487392426,
      "sync_omega_hat": 8.215024394075954e-08,
      "sync_phase_hat": -1.318120824079525,
      "payload_cycle_offset": 0
    },
    {
      "phase": 8,
      "lock_score": 0.042217496782541275,
      "mean_pilot_ber": 0.25,
      "overall_ber": 0.4482758620689655,
      "sync_source": "pn_repeated_sfd",
      "sfd_pos": 142790,
      "sfd_score": 0.19918189942836761,
      "sync_omega_hat": 8.200618850651153e-08,
      "sync_phase_hat": -1.3448547869196628,
      "payload_cycle_offset": 0
    },
    {
      "phase": 9,
      "lock_score": 0.04132049158215523,
      "mean_pilot_ber": 0.25,
      "overall_ber": 0.4482758620689655,
      "sync_source": "pn_repeated_sfd",
      "sfd_pos": 142790,
      "sfd_score": 0.1955670863389969,
      "sync_omega_hat": 8.192120048988727e-08,
      "sync_phase_hat": -1.3750483128704794,
      "payload_cycle_offset": 0
    },
    {
      "phase": 10,
      "lock_score": 0.0403808131814003,
      "mean_pilot_ber": 0.25,
      "overall_ber": 0.43103448275862066,
      "sync_source": "pn_repeated_sfd",
      "sfd_pos": 142790,
      "sfd_score": 0.19252093136310577,
      "sync_omega_hat": 8.177104149353909e-08,
      "sync_phase_hat": -1.4049645132701278,
      "payload_cycle_offset": 0
    },
    {
      "phase": 11,
      "lock_score": 0.03952372074127197,
      "mean_pilot_ber": 0.25,
      "overall_ber": 0.41379310344827586,
      "sync_source": "pn_repeated_sfd",
      "sfd_pos": 142790,
      "sfd_score": 0.18922537565231323,
      "sync_omega_hat": 8.166064446868404e-08,
      "sync_phase_hat": -1.4265552668040806,
      "payload_cycle_offset": 0
    },
    {
      "phase": 12,
      "lock_score": 0.03937125951051712,
      "mean_pilot_ber": 0.25,
      "overall_ber": 0.6379310344827587,
      "sync_source": "pn_repeated_sfd",
      "sfd_pos": 161204,
      "sfd_score": 0.2013808786869049,
      "sync_omega_hat": 8.831531950193039e-09,
      "sync_phase_hat": -2.1593337587359467,
      "payload_cycle_offset": 0
    },
    {
      "phase": 13,
      "lock_score": 0.040101055055856705,
      "mean_pilot_ber": 0.25,
      "overall_ber": 0.6206896551724138,
      "sync_source": "pn_repeated_sfd",
      "sfd_pos": 161204,
      "sfd_score": 0.2040257453918457,
      "sync_omega_hat": 8.732596867844222e-09,
      "sync_phase_hat": -2.156629245318647,
      "payload_cycle_offset": 0
    },
    {
      "phase": 14,
      "lock_score": 0.04079186171293259,
      "mean_pilot_ber": 0.25,
      "overall_ber": 0.6379310344827587,
      "sync_source": "pn_repeated_sfd",
      "sfd_pos": 161204,
      "sfd_score": 0.20659619569778442,
      "sync_omega_hat": 8.673108453649547e-09,
      "sync_phase_hat": -2.1531329400669144,
      "payload_cycle_offset": 0
    },
    {
      "phase": 15,
      "lock_score": 0.04153842478990555,
      "mean_pilot_ber": 0.0,
      "overall_ber": 0.6206896551724138,
      "sync_source": "pn_repeated_sfd",
      "sfd_pos": 161204,
      "sfd_score": 0.20810659229755402,
      "sync_omega_hat": 8.553802111066489e-09,
      "sync_phase_hat": -2.1492001465937554,
      "payload_cycle_offset": 0
    },
    {
      "phase": 16,