{
  "capture_dir": "/Users/tpdubya/Downloads/WIRELESS/DEFINED-SDR copy/GH_DEFINED_SDR/captures/defined_pilot_sweep_20260421_195635_qpsk_paper_k04_r02_a02",
  "post_costas_file": "/Users/tpdubya/Downloads/WIRELESS/DEFINED-SDR copy/GH_DEFINED_SDR/captures/defined_pilot_sweep_20260421_195635_qpsk_paper_k04_r02_a02/received_processed_qpsk.bin",
  "tx_frame": "/Users/tpdubya/Downloads/WIRELESS/DEFINED-SDR copy/GH_DEFINED_SDR/captures/defined_pilot_sweep_20260421_195635_qpsk_paper_k04_r02_a02/transmitted_frame.bin",
  "metadata": "/Users/tpdubya/Downloads/WIRELESS/DEFINED-SDR copy/GH_DEFINED_SDR/captures/defined_pilot_sweep_20260421_195635_qpsk_paper_k04_r02_a02/frame_metadata.json",
  "sync_mode": "pn_repeated",
  "sync_repeats": 2,
  "sync_preamble_symbols": 8192,
  "sfd_symbols": 127,
  "best_phase": {
    "phase": 24,
    "frame_start": 134583,
    "pilot_start": 142902,
    "lock_score": 0.05171654745936394,
    "frame_lock_pilots_checked": 1,
    "sync_source": "pn_repeated_sfd",
    "sfd_pos": 142775,
    "sfd_score": 0.2216084897518158,
    "sync_omega_hat": 2.5945929849058302e-08,
    "sync_phase_hat": 0.7254161673699354,
    "payload_cycle_offset": 0,
    "mean_pilot_ber": 0.0,
    "mean_snr_db": -2.1678632290225943,
    "overall_ber": 0.42592592592592593,
    "total_errors": 23,
    "total_bits": 54,
    "payload_results": [
      {
        "payload_index": 0,
        "pilot_pos": 142906,
        "pilot_drift": 4,
        "pilot_score": 0.9975528717041016,
        "pilot_ber": 0.0,
        "channel_real": -0.6278234124183655,
        "channel_imag": -0.5705617070198059,
        "channel_mag": 0.8483530507388983,
        "channel_phase_deg": -137.73564858857182,
        "snr_db": -2.1678632290225943,
        "payload_snr_db": -2.1678632290225943,
        "pilot_snr_db": 23.08725209732905,
        "expected_payload_index": 0,
        "bit_errors": 23,
        "bits": 54,
        "ber": 0.42592592592592593
      }
    ]
  },
  "all_phases": [
    {
      "phase": 0,
      "lock_score": 0.036751918494701385,
      "mean_pilot_ber": 0.0,
      "overall_ber": 0.37037037037037035,
      "sync_source": "pn_repeated_sfd",
      "sfd_pos": 92073,
      "sfd_score": 0.20060887932777405,
      "sync_omega_hat": 1.2523180714651971e-07,
      "sync_phase_hat": -2.4342669669364674,
      "payload_cycle_offset": 0
    },
    {
      "phase": 1,
      "lock_score": 0.03746829181909561,
      "mean_pilot_ber": 0.0,
      "overall_ber": 0.37037037037037035,
      "sync_source": "pn_repeated_sfd",
      "sfd_pos": 92073,
      "sfd_score": 0.2023298442363739,
      "sync_omega_hat": 1.2523962311661307e-07,
      "sync_phase_hat": -2.426761282034062,
      "payload_cycle_offset": 0
    },
    {
      "phase": 2,
      "lock_score": 0.038016416132450104,
      "mean_pilot_ber": 0.0,
      "overall_ber": 0.37037037037037035,
      "sync_source": "pn_repeated_sfd",
      "sfd_pos": 92073,
      "sfd_score": 0.20354922115802765,
      "sync_omega_hat": 1.252327308520762e-07,
      "sync_phase_hat": -2.41988802653167,
      "payload_cycle_offset": 0
    },
    {
      "phase": 3,
      "lock_score": 0.03845122084021568,
      "mean_pilot_ber": 0.0,
      "overall_ber": 0.37037037037037035,
      "sync_source": "pn_repeated_sfd",
      "sfd_pos": 92073,
      "sfd_score": 0.2044762372970581,
      "sync_omega_hat": 1.2523976522516023e-07,
      "sync_phase_hat": -2.4183403410265982,
      "payload_cycle_offset": 0
    },
    {
      "phase": 4,
      "lock_score": 0.03867264464497566,
      "mean_pilot_ber": 0.125,
      "overall_ber": 0.6111111111111112,
      "sync_source": "pn_repeated_sfd",
      "sfd_pos": 91973,
      "sfd_score": 0.206854909658432,
      "sync_omega_hat": 1.2522161796368891e-07,
      "sync_phase_hat": -2.417621297825344,
      "payload_cycle_offset": 0
    },
    {
      "phase": 5,
      "lock_score": 0.039081912487745285,
      "mean_pilot_ber": 0.125,
      "overall_ber": 0.35185185185185186,
      "sync_source": "pn_repeated_sfd",
      "sfd_pos": 185431,
      "sfd_score": 0.18013036251068115,
      "sync_omega_hat": 3.180725727247591e-08,
      "sync_phase_hat": -1.5727950070183605,
      "payload_cycle_offset": 0
    },
    {
      "phase": 6,
      "lock_score": 0.03948548808693886,
      "mean_pilot_ber": 0.125,
      "overall_ber": 0.35185185185185186,
      "sync_source": "pn_repeated_sfd",
      "sfd_pos": 185431,
      "sfd_score": 0.17701885104179382,
      "sync_omega_hat": 3.1898963470666786e-08,
      "sync_phase_hat": -1.5619486556817936,
      "payload_cycle_offset": 0
    },
    {
      "phase": 7,
      "lock_score": 0.0398879237473011,
      "mean_pilot_ber": 0.125,
      "overall_ber": 0.37037037037037035,
      "sync_source": "pn_repeated_sfd",
      "sfd_pos": 185431,
      "sfd_score": 0.173039510846138,
      "sync_omega_hat": 3.1990754933985954e-08,
      "sync_phase_hat": -1.5559881539010922,
      "payload_cycle_offset": 0
    },
    {
      "phase": 8,
      "lock_score": 0.040039870887994766,
      "mean_pilot_ber": 0.125,
      "overall_ber": 0.35185185185185186,
      "sync_source": "pn_repeated_sfd",
      "sfd_pos": 185431,
      "sfd_score": 0.1693965047597885,
      "sync_omega_hat": 3.2109849001926705e-08,
      "sync_phase_hat": -1.551432612468109,
      "payload_cycle_offset": 0
    },
    {
      "phase": 9,
      "lock_score": 0.03999948129057884,
      "mean_pilot_ber": 0.0,
      "overall_ber": 0.35185185185185186,
      "sync_source": "pn_repeated_sfd",
      "sfd_pos": 185431,
      "sfd_score": 0.16581779718399048,
      "sync_omega_hat": 3.225297007247718e-08,
      "sync_phase_hat": -1.5447385396664757,
      "payload_cycle_offset": 0
    },
    {
      "phase": 10,
      "lock_score": 0.03971881791949272,
      "mean_pilot_ber": 0.0,
      "overall_ber": 0.35185185185185186,
      "sync_source": "pn_repeated_sfd",
      "sfd_pos": 185438,
      "sfd_score": 0.16300398111343384,
      "sync_omega_hat": 3.2376114234011766e-08,
      "sync_phase_hat": -1.5421762709250124,
      "payload_cycle_offset": 0
    },
    {
      "phase": 11,
      "lock_score": 0.039168424904346466,
      "mean_pilot_ber": 0.0,
      "overall_ber": 0.35185185185185186,
      "sync_source": "pn_repeated_sfd",
      "sfd_pos": 185438,
      "sfd_score": 0.16257134079933167,
      "sync_omega_hat": 3.252164404443647e-08,
      "sync_phase_hat": -1.5405636213295966,
      "payload_cycle_offset": 0
    },
    {
      "phase": 12,
      "lock_score": 0.038445085287094116,
      "mean_pilot_ber": 0.0,
      "overall_ber": 0.4074074074074074,
      "sync_source": "pn_repeated_sfd",
      "sfd_pos": 185438,
      "sfd_score": 0.16225101053714752,
      "sync_omega_hat": 3.263861714231098e-08,
      "sync_phase_hat": -1.5342397433986201,
      "payload_cycle_offset": 0
    },
    {
      "phase": 13,
      "lock_score": 0.04035815969109535,
      "mean_pilot_ber": 0.0,
      "overall_ber": 0.48148148148148145,
      "sync_source": "pn_repeated_sfd",
      "sfd_pos": 142776,
      "sfd_score": 0.21071869134902954,
      "sync_omega_hat": 2.763196071953189e-08,
      "sync_phase_hat": 0.4523973047578352,
      "payload_cycle_offset": 0
    },
    {
      "phase": 14,
      "lock_score": 0.04123902693390846,
      "mean_pilot_ber": 0.0,
      "overall_ber": 0.5555555555555556,
      "sync_source": "pn_repeated_sfd",
      "sfd_pos": 142714,
      "sfd_score": 0.20456793904304504,
      "sync_omega_hat": 2.5034532669110376e-08,
      "sync_phase_hat": 0.5233564535252695,
      "payload_cycle_offset": 0
    },
    {
      "phase": 15,
      "lock_score": 0.043492287397384644,
      "mean_pilot_ber": 0.0,
      "overall_ber": 0.46296296296296297,
      "sync_source": "pn_repeated_sfd",
      "sfd_pos": 142714,
      "sfd_score": 0.2052118480205536,
      "sync_omega_hat": 2.512115848674057e-08,
      "sync_phase_hat": 0.551493464717858,
      "payload_cycle_offset": 0
    },
    {
      "phase": 16,