{
  "capture_dir": "/Users/tpdubya/Downloads/WIRELESS/DEFINED-SDR copy/GH_DEFINED_SDR/captures/defined_pilot_sweep_20260421_195635_qpsk_paper_k02_r04_a01",
  "post_costas_file": "/Users/tpdubya/Downloads/WIRELESS/DEFINED-SDR copy/GH_DEFINED_SDR/captures/defined_pilot_sweep_20260421_195635_qpsk_paper_k02_r04_a01/received_processed_qpsk.bin",
  "tx_frame": "/Users/tpdubya/Downloads/WIRELESS/DEFINED-SDR copy/GH_DEFINED_SDR/captures/defined_pilot_sweep_20260421_195635_qpsk_paper_k02_r04_a01/transmitted_frame.bin",
  "metadata": "/Users/tpdubya/Downloads/WIRELESS/DEFINED-SDR copy/GH_DEFINED_SDR/captures/defined_pilot_sweep_20260421_195635_qpsk_paper_k02_r04_a01/frame_metadata.json",
  "sync_mode": "pn_repeated",
  "sync_repeats": 2,
  "sync_preamble_symbols": 8192,
  "sfd_symbols": 127,
  "best_phase": {
    "phase": 0,
    "frame_start": 159326,
    "pilot_start": 167645,
    "lock_score": 0.047935403883457184,
    "frame_lock_pilots_checked": 1,
    "sync_source": "pn_repeated_sfd",
    "sfd_pos": 167518,
    "sfd_score": 0.20415152609348297,
    "sync_omega_hat": 4.38324398999157e-09,
    "sync_phase_hat": -0.8825305162734826,
    "payload_cycle_offset": 0,
    "mean_pilot_ber": 0.5,
    "mean_snr_db": -5.841134559614111,
    "overall_ber": 0.39655172413793105,
    "total_errors": 23,
    "total_bits": 58,
    "payload_results": [
      {
        "payload_index": 0,
        "pilot_pos": 167645,
        "pilot_drift": 0,
        "pilot_score": 0.4611610472202301,
        "pilot_ber": 0.5,
        "channel_real": -0.2353542447090149,
        "channel_imag": -0.2964673638343811,
        "channel_mag": 0.37852941539787655,
        "channel_phase_deg": -128.44473367237515,
        "snr_db": -5.841134559614111,
        "payload_snr_db": -5.841134559614111,
        "pilot_snr_db": -5.684517776263773,
        "expected_payload_index": 0,
        "bit_errors": 23,
        "bits": 58,
        "ber": 0.39655172413793105
      }
    ]
  },
  "all_phases": [
    {
      "phase": 0,
      "lock_score": 0.047935403883457184,
      "mean_pilot_ber": 0.5,
      "overall_ber": 0.39655172413793105,
      "sync_source": "pn_repeated_sfd",
      "sfd_pos": 167518,
      "sfd_score": 0.20415152609348297,
      "sync_omega_hat": 4.38324398999157e-09,
      "sync_phase_hat": -0.8825305162734826,
      "payload_cycle_offset": 0
    },
    {
      "phase": 1,
      "lock_score": 0.04713945835828781,
      "mean_pilot_ber": 0.5,
      "overall_ber": 0.41379310344827586,
      "sync_source": "pn_repeated_sfd",
      "sfd_pos": 167518,
      "sfd_score": 0.20563635230064392,
      "sync_omega_hat": 4.362682215486302e-09,
      "sync_phase_hat": -0.8642507698422156,
      "payload_cycle_offset": 0
    },
    {
      "phase": 2,
      "lock_score": 0.045931316912174225,
      "mean_pilot_ber": 0.5,
      "overall_ber": 0.3793103448275862,
      "sync_source": "pn_repeated_sfd",
      "sfd_pos": 167518,
      "sfd_score": 0.2058490365743637,
      "sync_omega_hat": 4.354137494999577e-09,
      "sync_phase_hat": -0.8436427592600626,
      "payload_cycle_offset": 0
    },
    {
      "phase": 3,
      "lock_score": 0.04445674642920494,
      "mean_pilot_ber": 0.5,
      "overall_ber": 0.3448275862068966,
      "sync_source": "pn_repeated_sfd",
      "sfd_pos": 167518,
      "sfd_score": 0.2043789029121399,
      "sync_omega_hat": 4.343787107785602e-09,
      "sync_phase_hat": -0.822940029144132,
      "payload_cycle_offset": 0
    },
    {
      "phase": 4,
      "lock_score": 0.04270824417471886,
      "mean_pilot_ber": 0.25,
      "overall_ber": 0.5172413793103449,
      "sync_source": "pn_repeated_sfd",
      "sfd_pos": 167553,
      "sfd_score": 0.20737257599830627,
      "sync_omega_hat": 4.322156410552225e-09,
      "sync_phase_hat": -0.7905681513828174,
      "payload_cycle_offset": 0
    },
    {
      "phase": 5,
      "lock_score": 0.040644071996212006,
      "mean_pilot_ber": 0.25,
      "overall_ber": 0.5,
      "sync_source": "pn_repeated_sfd",
      "sfd_pos": 167553,
      "sfd_score": 0.21132485568523407,
      "sync_omega_hat": 4.290947597240802e-09,
      "sync_phase_hat": -0.7598389442455153,
      "payload_cycle_offset": 0
    },
    {
      "phase": 6,
      "lock_score": 0.03880084306001663,
      "mean_pilot_ber": 0.25,
      "overall_ber": 0.4827586206896552,
      "sync_source": "pn_repeated_sfd",
      "sfd_pos": 167553,
      "sfd_score": 0.2129068225622177,
      "sync_omega_hat": 5.625654608820696e-09,
      "sync_phase_hat": -0.6854859640063153,
      "payload_cycle_offset": 0
    },
    {
      "phase": 7,
      "lock_score": 0.039722103625535965,
      "mean_pilot_ber": 0.5,
      "overall_ber": 0.5,
      "sync_source": "pn_repeated_sfd",
      "sfd_pos": 124848,
      "sfd_score": 0.21484778821468353,
      "sync_omega_hat": 6.683532660645142e-08,
      "sync_phase_hat": 2.9528917364643124,
      "payload_cycle_offset": 0
    },
    {
      "phase": 8,
      "lock_score": 0.03847489133477211,
      "mean_pilot_ber": 0.5,
      "overall_ber": 0.4482758620689655,
      "sync_source": "pn_repeated_sfd",
      "sfd_pos": 124848,
      "sfd_score": 0.21966542303562164,
      "sync_omega_hat": 6.683637110427298e-08,
      "sync_phase_hat": 2.8981131849032664,
      "payload_cycle_offset": 0
    },
    {
      "phase": 9,
      "lock_score": 0.03927544504404068,
      "mean_pilot_ber": 0.5,
      "overall_ber": 0.5,
      "sync_source": "pn_repeated_sfd",
      "sfd_pos": 124848,
      "sfd_score": 0.22424021363258362,
      "sync_omega_hat": 6.683781350602658e-08,
      "sync_phase_hat": 2.8817580811199015,
      "payload_cycle_offset": 0
    },
    {
      "phase": 10,
      "lock_score": 0.039804745465517044,
      "mean_pilot_ber": 0.5,
      "overall_ber": 0.5,
      "sync_source": "pn_repeated_sfd",
      "sfd_pos": 124848,
      "sfd_score": 0.22612836956977844,
      "sync_omega_hat": 6.682461162199616e-08,
      "sync_phase_hat": 2.8678660224480597,
      "payload_cycle_offset": 0
    },
    {
      "phase": 11,
      "lock_score": 0.040053170174360275,
      "mean_pilot_ber": 0.5,
      "overall_ber": 0.5,
      "sync_source": "pn_repeated_sfd",
      "sfd_pos": 124848,
      "sfd_score": 0.22722448408603668,
      "sync_omega_hat": 6.682724063011847e-08,
      "sync_phase_hat": 2.858226734014022,
      "payload_cycle_offset": 0
    },
    {
      "phase": 12,
      "lock_score": 0.04015646502375603,
      "mean_pilot_ber": 0.5,
      "overall_ber": 0.5,
      "sync_source": "pn_repeated_sfd",
      "sfd_pos": 124848,
      "sfd_score": 0.22591283917427063,
      "sync_omega_hat": 6.683431763576664e-08,
      "sync_phase_hat": 2.847700562776019,
      "payload_cycle_offset": 0
    },
    {
      "phase": 13,
      "lock_score": 0.03995506465435028,
      "mean_pilot_ber": 0.5,
      "overall_ber": 0.5,
      "sync_source": "pn_repeated_sfd",
      "sfd_pos": 124848,
      "sfd_score": 0.2246537059545517,
      "sync_omega_hat": 6.68084823018944e-08,
      "sync_phase_hat": 2.8414063703964993,
      "payload_cycle_offset": 0
    },
    {
      "phase": 14,
      "lock_score": 0.0396917350590229,
      "mean_pilot_ber": 0.5,
      "overall_ber": 0.5,
      "sync_source": "pn_repeated_sfd",
      "sfd_pos": 124848,
      "sfd_score": 0.22182902693748474,
      "sync_omega_hat": 6.681705144728767e-08,
      "sync_phase_hat": 2.833517388237419,
      "payload_cycle_offset": 0
    },
    {
      "phase": 15,
      "lock_score": 0.03921119123697281,
      "mean_pilot_ber": 0.5,
      "overall_ber": 0.5,
      "sync_source": "pn_repeated_sfd",
      "sfd_pos": 124848,
      "sfd_score": 0.2181999385356903,
      "sync_omega_hat": 6.681975150968356e-08,
      "sync_phase_hat": 2.8219785409496367,
      "payload_cycle_offset": 0
    },
    {
      "phase": 16,
      "lock_score": 0.03870618715882301,
      "mean_pilot_ber": 0.5,
      "overall_ber": 0.5,
      "sync_source": "pn_repeated_sfd",
      "sfd_pos": 124848,
      "sfd_score": 0.2142823189496994,