{
  "capture_dir": "/Users/tpdubya/Downloads/WIRELESS/DEFINED-SDR copy/GH_DEFINED_SDR/captures/defined_pilot_sweep_20260421_195635_qpsk_paper_k02_r02_a02",
  "post_costas_file": "/Users/tpdubya/Downloads/WIRELESS/DEFINED-SDR copy/GH_DEFINED_SDR/captures/defined_pilot_sweep_20260421_195635_qpsk_paper_k02_r02_a02/received_processed_qpsk.bin",
  "tx_frame": "/Users/tpdubya/Downloads/WIRELESS/DEFINED-SDR copy/GH_DEFINED_SDR/captures/defined_pilot_sweep_20260421_195635_qpsk_paper_k02_r02_a02/transmitted_frame.bin",
  "metadata": "/Users/tpdubya/Downloads/WIRELESS/DEFINED-SDR copy/GH_DEFINED_SDR/captures/defined_pilot_sweep_20260421_195635_qpsk_paper_k02_r02_a02/frame_metadata.json",
  "sync_mode": "pn_repeated",
  "sync_repeats": 2,
  "sync_preamble_symbols": 8192,
  "sfd_symbols": 127,
  "best_phase": {
    "phase": 24,
    "frame_start": 109623,
    "pilot_start": 117942,
    "lock_score": 0.05363430455327034,
    "frame_lock_pilots_checked": 1,
    "sync_source": "pn_repeated_sfd",
    "sfd_pos": 117815,
    "sfd_score": 0.22789065539836884,
    "sync_omega_hat": 1.3992593750344895e-08,
    "sync_phase_hat": 2.391666562015703,
    "payload_cycle_offset": 0,
    "mean_pilot_ber": 0.25,
    "mean_snr_db": -5.329216414551656,
    "overall_ber": 0.603448275862069,
    "total_errors": 35,
    "total_bits": 58,
    "payload_results": [
      {
        "payload_index": 0,
        "pilot_pos": 117942,
        "pilot_drift": 0,
        "pilot_score": 0.6812968254089355,
        "pilot_ber": 0.25,
        "channel_real": -0.5992347598075867,
        "channel_imag": 0.12060806155204773,
        "channel_mag": 0.6112516681964956,
        "channel_phase_deg": 168.62011019889638,
        "snr_db": -5.329216414551656,
        "payload_snr_db": -5.329216414551656,
        "pilot_snr_db": -0.6235807091304506,
        "expected_payload_index": 0,
        "bit_errors": 35,
        "bits": 58,
        "ber": 0.603448275862069
      }
    ]
  },
  "all_phases": [
    {
      "phase": 0,
      "lock_score": 0.03719618171453476,
      "mean_pilot_ber": 0.0,
      "overall_ber": 0.4482758620689655,
      "sync_source": "pn_repeated_sfd",
      "sfd_pos": 160471,
      "sfd_score": 0.19028745591640472,
      "sync_omega_hat": 1.5775530881612099e-09,
      "sync_phase_hat": 0.10681520657405681,
      "payload_cycle_offset": 0
    },
    {
      "phase": 1,
      "lock_score": 0.03811191767454147,
      "mean_pilot_ber": 0.0,
      "overall_ber": 0.4482758620689655,
      "sync_source": "pn_repeated_sfd",
      "sfd_pos": 160471,
      "sfd_score": 0.18844474852085114,
      "sync_omega_hat": 1.6991448248404595e-09,
      "sync_phase_hat": 0.10773211136655582,
      "payload_cycle_offset": 0
    },
    {
      "phase": 2,
      "lock_score": 0.03881336376070976,
      "mean_pilot_ber": 0.0,
      "overall_ber": 0.4482758620689655,
      "sync_source": "pn_repeated_sfd",
      "sfd_pos": 160471,
      "sfd_score": 0.18591082096099854,
      "sync_omega_hat": 1.792802351019418e-09,
      "sync_phase_hat": 0.11264408534512653,
      "payload_cycle_offset": 0
    },
    {
      "phase": 3,
      "lock_score": 0.03956777602434158,
      "mean_pilot_ber": 0.0,
      "overall_ber": 0.4482758620689655,
      "sync_source": "pn_repeated_sfd",
      "sfd_pos": 160471,
      "sfd_score": 0.18341220915317535,
      "sync_omega_hat": 1.9139523299571692e-09,
      "sync_phase_hat": 0.11594462579791948,
      "payload_cycle_offset": 0
    },
    {
      "phase": 4,
      "lock_score": 0.04018808901309967,
      "mean_pilot_ber": 0.0,
      "overall_ber": 0.4482758620689655,
      "sync_source": "pn_repeated_sfd",
      "sfd_pos": 160471,
      "sfd_score": 0.1801508218050003,
      "sync_omega_hat": 2.0045334281348914e-09,
      "sync_phase_hat": 0.12167135007137093,
      "payload_cycle_offset": 0
    },
    {
      "phase": 5,
      "lock_score": 0.04085838422179222,
      "mean_pilot_ber": 0.0,
      "overall_ber": 0.4827586206896552,
      "sync_source": "pn_repeated_sfd",
      "sfd_pos": 160543,
      "sfd_score": 0.17645849287509918,
      "sync_omega_hat": 2.12721662506965e-09,
      "sync_phase_hat": 0.12303710429843788,
      "payload_cycle_offset": 0
    },
    {
      "phase": 6,
      "lock_score": 0.04123185575008392,
      "mean_pilot_ber": 0.0,
      "overall_ber": 0.4827586206896552,
      "sync_source": "pn_repeated_sfd",
      "sfd_pos": 160543,
      "sfd_score": 0.17423924803733826,
      "sync_omega_hat": 2.207529270492614e-09,
      "sync_phase_hat": 0.12878690377686272,
      "payload_cycle_offset": 0
    },
    {
      "phase": 7,
      "lock_score": 0.0416063591837883,
      "mean_pilot_ber": 0.0,
      "overall_ber": 0.5,
      "sync_source": "pn_repeated_sfd",
      "sfd_pos": 160543,
      "sfd_score": 0.17077286541461945,
      "sync_omega_hat": 2.3008697169757397e-09,
      "sync_phase_hat": 0.13736661126853197,
      "payload_cycle_offset": 0
    },
    {
      "phase": 8,
      "lock_score": 0.041692428290843964,
      "mean_pilot_ber": 0.0,
      "overall_ber": 0.4827586206896552,
      "sync_source": "pn_repeated_sfd",
      "sfd_pos": 160543,
      "sfd_score": 0.16737373173236847,
      "sync_omega_hat": 2.426029599433832e-09,
      "sync_phase_hat": 0.14232027670570874,
      "payload_cycle_offset": 0
    },
    {
      "phase": 9,
      "lock_score": 0.04157370328903198,
      "mean_pilot_ber": 0.0,
      "overall_ber": 0.4827586206896552,
      "sync_source": "pn_repeated_sfd",
      "sfd_pos": 160543,
      "sfd_score": 0.16230902075767517,
      "sync_omega_hat": 2.5223554356301747e-09,
      "sync_phase_hat": 0.14572923022071213,
      "payload_cycle_offset": 0
    },
    {
      "phase": 10,
      "lock_score": 0.041149284690618515,
      "mean_pilot_ber": 0.25,
      "overall_ber": 0.5344827586206896,
      "sync_source": "pn_repeated_sfd",
      "sfd_pos": 160453,
      "sfd_score": 0.16032423079013824,
      "sync_omega_hat": 2.6187285673273664e-09,
      "sync_phase_hat": 0.14642547029038994,
      "payload_cycle_offset": 0
    },
    {
      "phase": 11,
      "lock_score": 0.04043395444750786,
      "mean_pilot_ber": 0.5,
      "overall_ber": 0.5517241379310345,
      "sync_source": "pn_repeated_sfd",
      "sfd_pos": 160575,
      "sfd_score": 0.1627679169178009,
      "sync_omega_hat": 2.726975534272924e-09,
      "sync_phase_hat": 0.15094745241202717,
      "payload_cycle_offset": 0
    },
    {
      "phase": 12,
      "lock_score": 0.04082590341567993,
      "mean_pilot_ber": 0.0,
      "overall_ber": 0.5172413793103449,
      "sync_source": "pn_repeated_sfd",
      "sfd_pos": 160575,
      "sfd_score": 0.16675008833408356,
      "sync_omega_hat": 1.440010888309473e-09,
      "sync_phase_hat": 0.009092246585734211,
      "payload_cycle_offset": 0
    },
    {
      "phase": 13,
      "lock_score": 0.04119465872645378,
      "mean_pilot_ber": 0.0,
      "overall_ber": 0.5344827586206896,
      "sync_source": "pn_repeated_sfd",
      "sfd_pos": 117754,
      "sfd_score": 0.2011537402868271,
      "sync_omega_hat": 1.5649563422925894e-08,
      "sync_phase_hat": 2.070727597444314,
      "payload_cycle_offset": 0
    },
    {
      "phase": 14,
      "lock_score": 0.04260017350316048,
      "mean_pilot_ber": 0.5,
      "overall_ber": 0.4827586206896552,
      "sync_source": "pn_repeated_sfd",
      "sfd_pos": 117754,
      "sfd_score": 0.20024320483207703,
      "sync_omega_hat": 1.2979505470411823e-08,
      "sync_phase_hat": 2.177430147717453,
      "payload_cycle_offset": 0
    },
    {
      "phase": 15,
      "lock_score": 0.044842321425676346,
      "mean_pilot_ber": 0.5,
      "overall_ber": 0.4827586206896552,
      "sync_source": "pn_repeated_sfd",
      "sfd_pos": 117754,
      "sfd_score": 0.19943146407604218,
      "sync_omega_hat": 1.309816433092692e-08,
      "sync_phase_hat": 2.2109893304021635,
      "payload_cycle_offset": 0
    },
    {
      "phase": 16,
      "lock_score": 0.04700268805027008,