{
  "capture_dir": "/Users/tpdubya/Downloads/WIRELESS/DEFINED-SDR copy/GH_DEFINED_SDR/captures/defined_pilot_sweep_20260421_195635_qpsk_paper_k01_r07_a01",
  "post_costas_file": "/Users/tpdubya/Downloads/WIRELESS/DEFINED-SDR copy/GH_DEFINED_SDR/captures/defined_pilot_sweep_20260421_195635_qpsk_paper_k01_r07_a01/received_processed_qpsk.bin",
  "tx_frame": "/Users/tpdubya/Downloads/WIRELESS/DEFINED-SDR copy/GH_DEFINED_SDR/captures/defined_pilot_sweep_20260421_195635_qpsk_paper_k01_r07_a01/transmitted_frame.bin",
  "metadata": "/Users/tpdubya/Downloads/WIRELESS/DEFINED-SDR copy/GH_DEFINED_SDR/captures/defined_pilot_sweep_20260421_195635_qpsk_paper_k01_r07_a01/frame_metadata.json",
  "sync_mode": "pn_repeated",
  "sync_repeats": 2,
  "sync_preamble_symbols": 8192,
  "sfd_symbols": 127,
  "best_phase": {
    "phase": 7,
    "frame_start": 188230,
    "pilot_start": 196549,
    "lock_score": 0.04496317356824875,
    "frame_lock_pilots_checked": 1,
    "sync_source": "pn_repeated_sfd",
    "sfd_pos": 196422,
    "sfd_score": 0.20921555161476135,
    "sync_omega_hat": 9.976091064345383e-08,
    "sync_phase_hat": -1.3390070330715165,
    "payload_cycle_offset": 0,
    "mean_pilot_ber": 0.0,
    "mean_snr_db": -8.301973594497527,
    "overall_ber": 0.43333333333333335,
    "total_errors": 26,
    "total_bits": 60,
    "payload_results": [
      {
        "payload_index": 0,
        "pilot_pos": 196549,
        "pilot_drift": 0,
        "pilot_score": 1.0000001192092896,
        "pilot_ber": 0.0,
        "channel_real": -0.2009955793619156,
        "channel_imag": -0.17990440130233765,
        "channel_mag": 0.2697495440792897,
        "channel_phase_deg": -138.16934306475136,
        "snr_db": -8.301973594497527,
        "payload_snr_db": -8.301973594497527,
        "pilot_snr_db": 99.0,
        "expected_payload_index": 0,
        "bit_errors": 26,
        "bits": 60,
        "ber": 0.43333333333333335
      }
    ]
  },
  "all_phases": [
    {
      "phase": 0,
      "lock_score": 0.03846418857574463,
      "mean_pilot_ber": 0.0,
      "overall_ber": 0.48333333333333334,
      "sync_source": "pn_repeated_sfd",
      "sfd_pos": 196501,
      "sfd_score": 0.18476217985153198,
      "sync_omega_hat": 1.0057132726615237e-07,
      "sync_phase_hat": -1.1241984647651244,
      "payload_cycle_offset": 0
    },
    {
      "phase": 1,
      "lock_score": 0.040079470723867416,
      "mean_pilot_ber": 0.0,
      "overall_ber": 0.48333333333333334,
      "sync_source": "pn_repeated_sfd",
      "sfd_pos": 196501,
      "sfd_score": 0.19079303741455078,
      "sync_omega_hat": 1.0043176246199437e-07,
      "sync_phase_hat": -1.1592675471909653,
      "payload_cycle_offset": 0
    },
    {
      "phase": 2,
      "lock_score": 0.041481684893369675,
      "mean_pilot_ber": 0.0,
      "overall_ber": 0.48333333333333334,
      "sync_source": "pn_repeated_sfd",
      "sfd_pos": 196501,
      "sfd_score": 0.19666078686714172,
      "sync_omega_hat": 1.0027617491914498e-07,
      "sync_phase_hat": -1.1879777120033383,
      "payload_cycle_offset": 0
    },
    {
      "phase": 3,
      "lock_score": 0.04263688996434212,
      "mean_pilot_ber": 0.0,
      "overall_ber": 0.43333333333333335,
      "sync_source": "pn_repeated_sfd",
      "sfd_pos": 196501,
      "sfd_score": 0.2015833556652069,
      "sync_omega_hat": 1.0015521922923654e-07,
      "sync_phase_hat": -1.2156035439872108,
      "payload_cycle_offset": 0
    },
    {
      "phase": 4,
      "lock_score": 0.04360269382596016,
      "mean_pilot_ber": 0.0,
      "overall_ber": 0.48333333333333334,
      "sync_source": "pn_repeated_sfd",
      "sfd_pos": 196501,
      "sfd_score": 0.2032637596130371,
      "sync_omega_hat": 1.000761926661653e-07,
      "sync_phase_hat": -1.248585622964938,
      "payload_cycle_offset": 0
    },
    {
      "phase": 5,
      "lock_score": 0.04441691190004349,
      "mean_pilot_ber": 0.0,
      "overall_ber": 0.43333333333333335,
      "sync_source": "pn_repeated_sfd",
      "sfd_pos": 196422,
      "sfd_score": 0.20508185029029846,
      "sync_omega_hat": 9.992491811772197e-08,
      "sync_phase_hat": -1.2811264859225089,
      "payload_cycle_offset": 0
    },
    {
      "phase": 6,
      "lock_score": 0.04472155496478081,
      "mean_pilot_ber": 0.0,
      "overall_ber": 0.4166666666666667,
      "sync_source": "pn_repeated_sfd",
      "sfd_pos": 196422,
      "sfd_score": 0.2072809636592865,
      "sync_omega_hat": 9.984203330759556e-08,
      "sync_phase_hat": -1.310591856234828,
      "payload_cycle_offset": 0
    },
    {
      "phase": 7,
      "lock_score": 0.04496317356824875,
      "mean_pilot_ber": 0.0,
      "overall_ber": 0.43333333333333335,
      "sync_source": "pn_repeated_sfd",
      "sfd_pos": 196422,
      "sfd_score": 0.20921555161476135,
      "sync_omega_hat": 9.976091064345383e-08,
      "sync_phase_hat": -1.3390070330715165,
      "payload_cycle_offset": 0
    },
    {
      "phase": 8,
      "lock_score": 0.04493466392159462,
      "mean_pilot_ber": 0.0,
      "overall_ber": 0.43333333333333335,
      "sync_source": "pn_repeated_sfd",
      "sfd_pos": 196422,
      "sfd_score": 0.20932595431804657,
      "sync_omega_hat": 9.967050829118307e-08,
      "sync_phase_hat": -1.3689470762131637,
      "payload_cycle_offset": 0
    },
    {
      "phase": 9,
      "lock_score": 0.04468557611107826,
      "mean_pilot_ber": 0.0,
      "overall_ber": 0.43333333333333335,
      "sync_source": "pn_repeated_sfd",
      "sfd_pos": 196422,
      "sfd_score": 0.20784036815166473,
      "sync_omega_hat": 9.953257062988996e-08,
      "sync_phase_hat": -1.4003830776259727,
      "payload_cycle_offset": 0
    },
    {
      "phase": 10,
      "lock_score": 0.04426589235663414,
      "mean_pilot_ber": 0.0,
      "overall_ber": 0.43333333333333335,
      "sync_source": "pn_repeated_sfd",
      "sfd_pos": 196422,
      "sfd_score": 0.20708411931991577,
      "sync_omega_hat": 9.939503797795624e-08,
      "sync_phase_hat": -1.4305455250674504,
      "payload_cycle_offset": 0
    },
    {
      "phase": 11,
      "lock_score": 0.04357391595840454,
      "mean_pilot_ber": 0.0,
      "overall_ber": 0.43333333333333335,
      "sync_source": "pn_repeated_sfd",
      "sfd_pos": 196422,
      "sfd_score": 0.2041972428560257,
      "sync_omega_hat": 9.932942646173615e-08,
      "sync_phase_hat": -1.460436134015915,
      "payload_cycle_offset": 0
    },
    {
      "phase": 12,
      "lock_score": 0.04287256300449371,
      "mean_pilot_ber": 0.0,
      "overall_ber": 0.43333333333333335,
      "sync_source": "pn_repeated_sfd",
      "sfd_pos": 196422,
      "sfd_score": 0.20281274616718292,
      "sync_omega_hat": 9.918507970496648e-08,
      "sync_phase_hat": -1.488268241443053,
      "payload_cycle_offset": 0
    },
    {
      "phase": 13,
      "lock_score": 0.042075276374816895,
      "mean_pilot_ber": 0.0,
      "overall_ber": 0.43333333333333335,
      "sync_source": "pn_repeated_sfd",
      "sfd_pos": 196422,
      "sfd_score": 0.19862782955169678,
      "sync_omega_hat": 9.908681164461086e-08,
      "sync_phase_hat": -1.5167578734181115,
      "payload_cycle_offset": 0
    },
    {
      "phase": 14,
      "lock_score": 0.04107118770480156,
      "mean_pilot_ber": 0.0,
      "overall_ber": 0.43333333333333335,
      "sync_source": "pn_repeated_sfd",
      "sfd_pos": 196422,
      "sfd_score": 0.19484426081180573,
      "sync_omega_hat": 9.898363373395114e-08,
      "sync_phase_hat": -1.5460733309077683,
      "payload_cycle_offset": 0
    },
    {
      "phase": 15,
      "lock_score": 0.0403541699051857,
      "mean_pilot_ber": 0.0,
      "overall_ber": 0.43333333333333335,
      "sync_source": "pn_repeated_sfd",
      "sfd_pos": 196422,
      "sfd_score": 0.19162051379680634,
      "sync_omega_hat": 9.8918299329398e-08,
      "sync_phase_hat": -1.5725757392858253,
      "payload_cycle_offset": 0
    },
    {
      "phase": 16,
      "lock_score": 0.03944173455238342,