{
  "capture_dir": "/Users/tpdubya/Downloads/WIRELESS/DEFINED-SDR copy/GH_DEFINED_SDR/captures/defined_pilot_sweep_20260421_195635_qpsk_paper_k01_r09_a01",
  "post_costas_file": "/Users/tpdubya/Downloads/WIRELESS/DEFINED-SDR copy/GH_DEFINED_SDR/captures/defined_pilot_sweep_20260421_195635_qpsk_paper_k01_r09_a01/received_processed_qpsk.bin",
  "tx_frame": "/Users/tpdubya/Downloads/WIRELESS/DEFINED-SDR copy/GH_DEFINED_SDR/captures/defined_pilot_sweep_20260421_195635_qpsk_paper_k01_r09_a01/transmitted_frame.bin",
  "metadata": "/Users/tpdubya/Downloads/WIRELESS/DEFINED-SDR copy/GH_DEFINED_SDR/captures/defined_pilot_sweep_20260421_195635_qpsk_paper_k01_r09_a01/frame_metadata.json",
  "sync_mode": "pn_repeated",
  "sync_repeats": 2,
  "sync_preamble_symbols": 8192,
  "sfd_symbols": 127,
  "best_phase": {
    "phase": 24,
    "frame_start": 187136,
    "pilot_start": 195455,
    "lock_score": 0.993506908416748,
    "frame_lock_pilots_checked": 1,
    "sync_source": "pn_repeated_sfd",
    "sfd_pos": 195328,
    "sfd_score": 0.9959117770195007,
    "sync_omega_hat": -1.856629872065696e-08,
    "sync_phase_hat": -3.0547359687274738,
    "payload_cycle_offset": 0,
    "mean_pilot_ber": 0.0,
    "mean_snr_db": 5.513040476188288,
    "overall_ber": 0.016666666666666666,
    "total_errors": 1,
    "total_bits": 60,
    "payload_results": [
      {
        "payload_index": 0,
        "pilot_pos": 195455,
        "pilot_drift": 0,
        "pilot_score": 1.0000001192092896,
        "pilot_ber": 0.0,
        "channel_real": 0.16983532905578613,
        "channel_imag": 0.009193242527544498,
        "channel_mag": 0.17008396368751938,
        "channel_phase_deg": 3.0984156390835875,
        "snr_db": 5.513040476188288,
        "payload_snr_db": 5.513040476188288,
        "pilot_snr_db": 99.0,
        "expected_payload_index": 0,
        "bit_errors": 1,
        "bits": 60,
        "ber": 0.016666666666666666
      }
    ]
  },
  "all_phases": [
    {
      "phase": 0,
      "lock_score": 0.05179233476519585,
      "mean_pilot_ber": 0.0,
      "overall_ber": 0.38333333333333336,
      "sync_source": "pn_repeated_sfd",
      "sfd_pos": 186679,
      "sfd_score": 0.2259480357170105,
      "sync_omega_hat": -7.961251213828291e-09,
      "sync_phase_hat": 0.9234157627908868,
      "payload_cycle_offset": 0
    },
    {
      "phase": 1,
      "lock_score": 0.05176703259348869,
      "mean_pilot_ber": 0.0,
      "overall_ber": 0.38333333333333336,
      "sync_source": "pn_repeated_sfd",
      "sfd_pos": 186679,
      "sfd_score": 0.22666668891906738,
      "sync_omega_hat": -7.851020278337728e-09,
      "sync_phase_hat": 0.9374460690709293,
      "payload_cycle_offset": 0
    },
    {
      "phase": 2,
      "lock_score": 0.051786359399557114,
      "mean_pilot_ber": 0.0,
      "overall_ber": 0.38333333333333336,
      "sync_source": "pn_repeated_sfd",
      "sfd_pos": 186679,
      "sfd_score": 0.22940506041049957,
      "sync_omega_hat": -7.76278241687578e-09,
      "sync_phase_hat": 0.9260728175351894,
      "payload_cycle_offset": 0
    },
    {
      "phase": 3,
      "lock_score": 0.9904129505157471,
      "mean_pilot_ber": 0.0,
      "overall_ber": 0.05,
      "sync_source": "pn_repeated_sfd",
      "sfd_pos": 195329,
      "sfd_score": 0.9909189343452454,
      "sync_omega_hat": -1.8324961104099202e-08,
      "sync_phase_hat": -3.0537819552394625,
      "payload_cycle_offset": 0
    },
    {
      "phase": 4,
      "lock_score": 0.9835385680198669,
      "mean_pilot_ber": 0.0,
      "overall_ber": 0.05,
      "sync_source": "pn_repeated_sfd",
      "sfd_pos": 195329,
      "sfd_score": 0.9835385680198669,
      "sync_omega_hat": -1.8211210317531368e-08,
      "sync_phase_hat": -3.053625986219781,
      "payload_cycle_offset": 0
    },
    {
      "phase": 5,
      "lock_score": 0.9733978509902954,
      "mean_pilot_ber": 0.0,
      "overall_ber": 0.1,
      "sync_source": "pn_repeated_sfd",
      "sfd_pos": 195329,
      "sfd_score": 0.9733978509902954,
      "sync_omega_hat": -1.8114718614015146e-08,
      "sync_phase_hat": -3.053328390001582,
      "payload_cycle_offset": 0
    },
    {
      "phase": 6,
      "lock_score": 0.9586582779884338,
      "mean_pilot_ber": 0.0,
      "overall_ber": 0.13333333333333333,
      "sync_source": "pn_repeated_sfd",
      "sfd_pos": 195329,
      "sfd_score": 0.9586582779884338,
      "sync_omega_hat": -1.7994109313690387e-08,
      "sync_phase_hat": -3.0532574288260745,
      "payload_cycle_offset": 0
    },
    {
      "phase": 7,
      "lock_score": 0.9400239586830139,
      "mean_pilot_ber": 0.0,
      "overall_ber": 0.13333333333333333,
      "sync_source": "pn_repeated_sfd",
      "sfd_pos": 195329,
      "sfd_score": 0.9400239586830139,
      "sync_omega_hat": -1.788703229976818e-08,
      "sync_phase_hat": -3.0528477941532883,
      "payload_cycle_offset": 0
    },
    {
      "phase": 8,
      "lock_score": 0.9153243899345398,
      "mean_pilot_ber": 0.0,
      "overall_ber": 0.21666666666666667,
      "sync_source": "pn_repeated_sfd",
      "sfd_pos": 195329,
      "sfd_score": 0.9153243899345398,
      "sync_omega_hat": -1.7791416340173782e-08,
      "sync_phase_hat": -3.052342091469964,
      "payload_cycle_offset": 0
    },
    {
      "phase": 9,
      "lock_score": 0.8857421875,
      "mean_pilot_ber": 0.0,
      "overall_ber": 0.26666666666666666,
      "sync_source": "pn_repeated_sfd",
      "sfd_pos": 195329,
      "sfd_score": 0.8857421875,
      "sync_omega_hat": -1.7684124387074007e-08,
      "sync_phase_hat": -3.05195132855228,
      "payload_cycle_offset": 0
    },
    {
      "phase": 10,
      "lock_score": 0.8485883474349976,
      "mean_pilot_ber": 0.0,
      "overall_ber": 0.2833333333333333,
      "sync_source": "pn_repeated_sfd",
      "sfd_pos": 195329,
      "sfd_score": 0.8485883474349976,
      "sync_omega_hat": -1.7574013355670104e-08,
      "sync_phase_hat": -3.051337579242585,
      "payload_cycle_offset": 0
    },
    {
      "phase": 11,
      "lock_score": 0.8060558438301086,
      "mean_pilot_ber": 0.0,
      "overall_ber": 0.36666666666666664,
      "sync_source": "pn_repeated_sfd",
      "sfd_pos": 195329,
      "sfd_score": 0.8060558438301086,
      "sync_omega_hat": -1.7490904724581924e-08,
      "sync_phase_hat": -3.0504710757101012,
      "payload_cycle_offset": 0
    },
    {
      "phase": 12,
      "lock_score": 0.7574382424354553,
      "mean_pilot_ber": 0.0,
      "overall_ber": 0.4,
      "sync_source": "pn_repeated_sfd",
      "sfd_pos": 195329,
      "sfd_score": 0.7574382424354553,
      "sync_omega_hat": -1.7381232453317352e-08,
      "sync_phase_hat": -3.0497180777393567,
      "payload_cycle_offset": 0
    },
    {
      "phase": 13,
      "lock_score": 0.7035204768180847,
      "mean_pilot_ber": 0.0,
      "overall_ber": 0.26666666666666666,
      "sync_source": "pn_repeated_sfd",
      "sfd_pos": 195328,
      "sfd_score": 0.7199741005897522,
      "sync_omega_hat": -1.7307350219653017e-08,
      "sync_phase_hat": -3.0483555757967844,
      "payload_cycle_offset": 0
    },
    {
      "phase": 14,
      "lock_score": 0.7461832761764526,
      "mean_pilot_ber": 0.0,
      "overall_ber": 0.23333333333333334,
      "sync_source": "pn_repeated_sfd",
      "sfd_pos": 195328,
      "sfd_score": 0.7718244791030884,
      "sync_omega_hat": -1.853614861602182e-08,
      "sync_phase_hat": -3.065515283340998,
      "payload_cycle_offset": 0
    },
    {
      "phase": 15,
      "lock_score": 0.7971687316894531,
      "mean_pilot_ber": 0.0,
      "overall_ber": 0.23333333333333334,
      "sync_source": "pn_repeated_sfd",
      "sfd_pos": 195328,
      "sfd_score": 0.8185805082321167,
      "sync_omega_hat": -1.853472042512294e-08,
      "sync_phase_hat": -3.063384152462753,
      "payload_cycle_offset": 0
    },
    {
      "phase": 16,
      "lock_score": 0.8411595225334167,
      "mean_pilot_ber": 0.0,
      "overall_ber": 0.16666666666666666,