{
  "capture_dir": "/Users/tpdubya/Downloads/WIRELESS/DEFINED-SDR copy/GH_DEFINED_SDR/captures/defined_pilot_sweep_20260421_195635_qpsk_paper_k04_r02_a01",
  "post_costas_file": "/Users/tpdubya/Downloads/WIRELESS/DEFINED-SDR copy/GH_DEFINED_SDR/captures/defined_pilot_sweep_20260421_195635_qpsk_paper_k04_r02_a01/received_processed_qpsk.bin",
  "tx_frame": "/Users/tpdubya/Downloads/WIRELESS/DEFINED-SDR copy/GH_DEFINED_SDR/captures/defined_pilot_sweep_20260421_195635_qpsk_paper_k04_r02_a01/transmitted_frame.bin",
  "metadata": "/Users/tpdubya/Downloads/WIRELESS/DEFINED-SDR copy/GH_DEFINED_SDR/captures/defined_pilot_sweep_20260421_195635_qpsk_paper_k04_r02_a01/frame_metadata.json",
  "sync_mode": "pn_repeated",
  "sync_repeats": 2,
  "sync_preamble_symbols": 8192,
  "sfd_symbols": 127,
  "best_phase": {
    "phase": 16,
    "frame_start": 172375,
    "pilot_start": 180694,
    "lock_score": 0.04219626635313034,
    "frame_lock_pilots_checked": 1,
    "sync_source": "pn_repeated_sfd",
    "sfd_pos": 180567,
    "sfd_score": 0.1660056710243225,
    "sync_omega_hat": -1.2489653755665131e-08,
    "sync_phase_hat": 1.781836919758601,
    "payload_cycle_offset": 0,
    "mean_pilot_ber": 0.0,
    "mean_snr_db": -1.5955616951002467,
    "overall_ber": 0.35185185185185186,
    "total_errors": 19,
    "total_bits": 54,
    "payload_results": [
      {
        "payload_index": 0,
        "pilot_pos": 180691,
        "pilot_drift": -3,
        "pilot_score": 0.898470938205719,
        "pilot_ber": 0.0,
        "channel_real": -0.12311665713787079,
        "channel_imag": 0.7830626964569092,
        "channel_mag": 0.7926820912870237,
        "channel_phase_deg": 98.93515626339375,
        "snr_db": -1.5955616951002467,
        "payload_snr_db": -1.5955616951002467,
        "pilot_snr_db": 6.220133772643125,
        "expected_payload_index": 0,
        "bit_errors": 19,
        "bits": 54,
        "ber": 0.35185185185185186
      }
    ]
  },
  "all_phases": [
    {
      "phase": 0,
      "lock_score": 0.04108067601919174,
      "mean_pilot_ber": 0.125,
      "overall_ber": 0.5,
      "sync_source": "pn_repeated_sfd",
      "sfd_pos": 180567,
      "sfd_score": 0.18572601675987244,
      "sync_omega_hat": -1.3496268991275429e-08,
      "sync_phase_hat": 1.7113174179599642,
      "payload_cycle_offset": 0
    },
    {
      "phase": 1,
      "lock_score": 0.040563907474279404,
      "mean_pilot_ber": 0.125,
      "overall_ber": 0.46296296296296297,
      "sync_source": "pn_repeated_sfd",
      "sfd_pos": 180567,
      "sfd_score": 0.18756529688835144,
      "sync_omega_hat": -1.3470232929080339e-08,
      "sync_phase_hat": 1.7203461868453445,
      "payload_cycle_offset": 0
    },
    {
      "phase": 2,
      "lock_score": 0.03999805077910423,
      "mean_pilot_ber": 0.125,
      "overall_ber": 0.46296296296296297,
      "sync_source": "pn_repeated_sfd",
      "sfd_pos": 180567,
      "sfd_score": 0.1898151934146881,
      "sync_omega_hat": -1.3476519455934977e-08,
      "sync_phase_hat": 1.7286140505631822,
      "payload_cycle_offset": 0
    },
    {
      "phase": 3,
      "lock_score": 0.039335377514362335,
      "mean_pilot_ber": 0.125,
      "overall_ber": 0.46296296296296297,
      "sync_source": "pn_repeated_sfd",
      "sfd_pos": 180567,
      "sfd_score": 0.1913878321647644,
      "sync_omega_hat": -1.3494730666252508e-08,
      "sync_phase_hat": 1.731085655277114,
      "payload_cycle_offset": 0
    },
    {
      "phase": 4,
      "lock_score": 0.038880132138729095,
      "mean_pilot_ber": 0.0,
      "overall_ber": 0.5185185185185185,
      "sync_source": "pn_repeated_sfd",
      "sfd_pos": 120624,
      "sfd_score": 0.2078881561756134,
      "sync_omega_hat": 3.9261866646711496e-08,
      "sync_phase_hat": -1.7816235980100796,
      "payload_cycle_offset": 0
    },
    {
      "phase": 5,
      "lock_score": 0.03870309889316559,
      "mean_pilot_ber": 0.0,
      "overall_ber": 0.5185185185185185,
      "sync_source": "pn_repeated_sfd",
      "sfd_pos": 120624,
      "sfd_score": 0.20756448805332184,
      "sync_omega_hat": 3.928145986265008e-08,
      "sync_phase_hat": -1.787616459311213,
      "payload_cycle_offset": 0
    },
    {
      "phase": 6,
      "lock_score": 0.03847863897681236,
      "mean_pilot_ber": 0.125,
      "overall_ber": 0.5185185185185185,
      "sync_source": "pn_repeated_sfd",
      "sfd_pos": 120624,
      "sfd_score": 0.20628392696380615,
      "sync_omega_hat": 3.927725344965438e-08,
      "sync_phase_hat": -1.7959550254102523,
      "payload_cycle_offset": 0
    },
    {
      "phase": 7,
      "lock_score": 0.03808780759572983,
      "mean_pilot_ber": 0.125,
      "overall_ber": 0.5185185185185185,
      "sync_source": "pn_repeated_sfd",
      "sfd_pos": 120624,
      "sfd_score": 0.20515182614326477,
      "sync_omega_hat": 3.932698788844391e-08,
      "sync_phase_hat": -1.7999679345231425,
      "payload_cycle_offset": 0
    },
    {
      "phase": 8,
      "lock_score": 0.037700094282627106,
      "mean_pilot_ber": 0.125,
      "overall_ber": 0.5,
      "sync_source": "pn_repeated_sfd",
      "sfd_pos": 180567,
      "sfd_score": 0.19023610651493073,
      "sync_omega_hat": -1.3251769459543539e-08,
      "sync_phase_hat": 1.7723855309379837,
      "payload_cycle_offset": 0
    },
    {
      "phase": 9,
      "lock_score": 0.0383574441075325,
      "mean_pilot_ber": 0.125,
      "overall_ber": 0.5,
      "sync_source": "pn_repeated_sfd",
      "sfd_pos": 180567,
      "sfd_score": 0.1886376291513443,
      "sync_omega_hat": -1.3182184233073713e-08,
      "sync_phase_hat": 1.7770622013898856,
      "payload_cycle_offset": 0
    },
    {
      "phase": 10,
      "lock_score": 0.039159007370471954,
      "mean_pilot_ber": 0.125,
      "overall_ber": 0.35185185185185186,
      "sync_source": "pn_repeated_sfd",
      "sfd_pos": 180567,
      "sfd_score": 0.18662650883197784,
      "sync_omega_hat": -1.3061207226883198e-08,
      "sync_phase_hat": 1.7775393161299329,
      "payload_cycle_offset": 0
    },
    {
      "phase": 11,
      "lock_score": 0.039849624037742615,
      "mean_pilot_ber": 0.125,
      "overall_ber": 0.35185185185185186,
      "sync_source": "pn_repeated_sfd",
      "sfd_pos": 180567,
      "sfd_score": 0.18388663232326508,
      "sync_omega_hat": -1.2970234664066993e-08,
      "sync_phase_hat": 1.7733760980927826,
      "payload_cycle_offset": 0
    },
    {
      "phase": 12,
      "lock_score": 0.040621068328619,
      "mean_pilot_ber": 0.125,
      "overall_ber": 0.35185185185185186,
      "sync_source": "pn_repeated_sfd",
      "sfd_pos": 180567,
      "sfd_score": 0.18045686185359955,
      "sync_omega_hat": -1.2897595880190238e-08,
      "sync_phase_hat": 1.7735982625024826,
      "payload_cycle_offset": 0
    },
    {
      "phase": 13,
      "lock_score": 0.041251759976148605,
      "mean_pilot_ber": 0.125,
      "overall_ber": 0.35185185185185186,
      "sync_source": "pn_repeated_sfd",
      "sfd_pos": 180567,
      "sfd_score": 0.1771657019853592,
      "sync_omega_hat": -1.2810292382425814e-08,
      "sync_phase_hat": 1.7726723116525431,
      "payload_cycle_offset": 0
    },
    {
      "phase": 14,
      "lock_score": 0.041839174926280975,
      "mean_pilot_ber": 0.125,
      "overall_ber": 0.35185185185185186,
      "sync_source": "pn_repeated_sfd",
      "sfd_pos": 180567,
      "sfd_score": 0.17371656000614166,
      "sync_omega_hat": -1.2709628016693841e-08,
      "sync_phase_hat": 1.7752457948198037,
      "payload_cycle_offset": 0
    },
    {
      "phase": 15,
      "lock_score": 0.04212632030248642,
      "mean_pilot_ber": 0.0,
      "overall_ber": 0.35185185185185186,
      "sync_source": "pn_repeated_sfd",
      "sfd_pos": 180567,
      "sfd_score": 0.17015951871871948,
      "sync_omega_hat": -1.2630781753841802e-08,
      "sync_phase_hat": 1.7795740226628387,
      "payload_cycle_offset": 0
    },
    {
      "phase": 16,
      "lock_score": 0.04219626635313034,