{
  "capture_dir": "/Users/tpdubya/Downloads/WIRELESS/DEFINED-SDR copy/GH_DEFINED_SDR/captures/defined_pilot_sweep_20260421_195635_qpsk_paper_k02_r08_a01",
  "post_costas_file": "/Users/tpdubya/Downloads/WIRELESS/DEFINED-SDR copy/GH_DEFINED_SDR/captures/defined_pilot_sweep_20260421_195635_qpsk_paper_k02_r08_a01/received_processed_qpsk.bin",
  "tx_frame": "/Users/tpdubya/Downloads/WIRELESS/DEFINED-SDR copy/GH_DEFINED_SDR/captures/defined_pilot_sweep_20260421_195635_qpsk_paper_k02_r08_a01/transmitted_frame.bin",
  "metadata": "/Users/tpdubya/Downloads/WIRELESS/DEFINED-SDR copy/GH_DEFINED_SDR/captures/defined_pilot_sweep_20260421_195635_qpsk_paper_k02_r08_a01/frame_metadata.json",
  "sync_mode": "pn_repeated",
  "sync_repeats": 2,
  "sync_preamble_symbols": 8192,
  "sfd_symbols": 127,
  "best_phase": {
    "phase": 15,
    "frame_start": 179967,
    "pilot_start": 188286,
    "lock_score": 0.9912182688713074,
    "frame_lock_pilots_checked": 1,
    "sync_source": "pn_repeated_sfd",
    "sfd_pos": 188159,
    "sfd_score": 0.9936352968215942,
    "sync_omega_hat": -1.7252389739041973e-08,
    "sync_phase_hat": 1.6484073931242829,
    "payload_cycle_offset": 0,
    "mean_pilot_ber": 0.0,
    "mean_snr_db": 3.0938689705137508,
    "overall_ber": 0.017241379310344827,
    "total_errors": 1,
    "total_bits": 58,
    "payload_results": [
      {
        "payload_index": 0,
        "pilot_pos": 188286,
        "pilot_drift": 0,
        "pilot_score": 0.9267686605453491,
        "pilot_ber": 0.0,
        "channel_real": 0.1452198624610901,
        "channel_imag": -0.012208549305796623,
        "channel_mag": 0.14573214171681548,
        "channel_phase_deg": -4.80552281258498,
        "snr_db": 3.0938689705137508,
        "payload_snr_db": 3.0938689705137508,
        "pilot_snr_db": 7.844158099579449,
        "expected_payload_index": 0,
        "bit_errors": 1,
        "bits": 58,
        "ber": 0.017241379310344827
      }
    ]
  },
  "all_phases": [
    {
      "phase": 0,
      "lock_score": 0.9054754376411438,
      "mean_pilot_ber": 0.0,
      "overall_ber": 0.22413793103448276,
      "sync_source": "pn_repeated_sfd",
      "sfd_pos": 188160,
      "sfd_score": 0.9054754376411438,
      "sync_omega_hat": -1.6479967612781365e-08,
      "sync_phase_hat": 1.65284961081703,
      "payload_cycle_offset": 0
    },
    {
      "phase": 1,
      "lock_score": 0.8733882904052734,
      "mean_pilot_ber": 0.0,
      "overall_ber": 0.22413793103448276,
      "sync_source": "pn_repeated_sfd",
      "sfd_pos": 188160,
      "sfd_score": 0.8733882904052734,
      "sync_omega_hat": -1.6373546074532896e-08,
      "sync_phase_hat": 1.653668851768361,
      "payload_cycle_offset": 0
    },
    {
      "phase": 2,
      "lock_score": 0.8345653414726257,
      "mean_pilot_ber": 0.0,
      "overall_ber": 0.27586206896551724,
      "sync_source": "pn_repeated_sfd",
      "sfd_pos": 188160,
      "sfd_score": 0.8349566459655762,
      "sync_omega_hat": -1.623782353021852e-08,
      "sync_phase_hat": 1.6549837680658863,
      "payload_cycle_offset": 0
    },
    {
      "phase": 3,
      "lock_score": 0.7895233631134033,
      "mean_pilot_ber": 0.0,
      "overall_ber": 0.3103448275862069,
      "sync_source": "pn_repeated_sfd",
      "sfd_pos": 188160,
      "sfd_score": 0.7909109592437744,
      "sync_omega_hat": -1.6155286886032627e-08,
      "sync_phase_hat": 1.6564738561799701,
      "payload_cycle_offset": 0
    },
    {
      "phase": 4,
      "lock_score": 0.7375710010528564,
      "mean_pilot_ber": 0.0,
      "overall_ber": 0.3275862068965517,
      "sync_source": "pn_repeated_sfd",
      "sfd_pos": 188160,
      "sfd_score": 0.7397559881210327,
      "sync_omega_hat": -1.6069794384065972e-08,
      "sync_phase_hat": 1.6583207314686892,
      "payload_cycle_offset": 0
    },
    {
      "phase": 5,
      "lock_score": 0.7120488882064819,
      "mean_pilot_ber": 0.25,
      "overall_ber": 0.2413793103448276,
      "sync_source": "pn_repeated_sfd",
      "sfd_pos": 188159,
      "sfd_score": 0.7384018301963806,
      "sync_omega_hat": -1.703476115721969e-08,
      "sync_phase_hat": 1.6353625670248477,
      "payload_cycle_offset": 0
    },
    {
      "phase": 6,
      "lock_score": 0.7664021253585815,
      "mean_pilot_ber": 0.25,
      "overall_ber": 0.2413793103448276,
      "sync_source": "pn_repeated_sfd",
      "sfd_pos": 188159,
      "sfd_score": 0.7900319695472717,
      "sync_omega_hat": -1.7056841272733436e-08,
      "sync_phase_hat": 1.6374943681591192,
      "payload_cycle_offset": 0
    },
    {
      "phase": 7,
      "lock_score": 0.814572274684906,
      "mean_pilot_ber": 0.25,
      "overall_ber": 0.25862068965517243,
      "sync_source": "pn_repeated_sfd",
      "sfd_pos": 188159,
      "sfd_score": 0.8341500163078308,
      "sync_omega_hat": -1.7106923877463487e-08,
      "sync_phase_hat": 1.639479934670601,
      "payload_cycle_offset": 0
    },
    {
      "phase": 8,
      "lock_score": 0.8565861582756042,
      "mean_pilot_ber": 0.25,
      "overall_ber": 0.20689655172413793,
      "sync_source": "pn_repeated_sfd",
      "sfd_pos": 188159,
      "sfd_score": 0.873161792755127,
      "sync_omega_hat": -1.7146648545462995e-08,
      "sync_phase_hat": 1.6413280866717062,
      "payload_cycle_offset": 0
    },
    {
      "phase": 9,
      "lock_score": 0.8920395970344543,
      "mean_pilot_ber": 0.25,
      "overall_ber": 0.1724137931034483,
      "sync_source": "pn_repeated_sfd",
      "sfd_pos": 188159,
      "sfd_score": 0.9053805470466614,
      "sync_omega_hat": -1.7172274269228183e-08,
      "sync_phase_hat": 1.6427714887809999,
      "payload_cycle_offset": 0
    },
    {
      "phase": 10,
      "lock_score": 0.9210547208786011,
      "mean_pilot_ber": 0.0,
      "overall_ber": 0.15517241379310345,
      "sync_source": "pn_repeated_sfd",
      "sfd_pos": 188159,
      "sfd_score": 0.9316429495811462,
      "sync_omega_hat": -1.7202825830509028e-08,
      "sync_phase_hat": 1.6440492256344639,
      "payload_cycle_offset": 0
    },
    {
      "phase": 11,
      "lock_score": 0.9443670511245728,
      "mean_pilot_ber": 0.0,
      "overall_ber": 0.13793103448275862,
      "sync_source": "pn_repeated_sfd",
      "sfd_pos": 188159,
      "sfd_score": 0.9523652791976929,
      "sync_omega_hat": -1.7209595526423982e-08,
      "sync_phase_hat": 1.6451691127557584,
      "payload_cycle_offset": 0
    },
    {
      "phase": 12,
      "lock_score": 0.9621638059616089,
      "mean_pilot_ber": 0.0,
      "overall_ber": 0.1206896551724138,
      "sync_source": "pn_repeated_sfd",
      "sfd_pos": 188159,
      "sfd_score": 0.9686974883079529,
      "sync_omega_hat": -1.723993214852726e-08,
      "sync_phase_hat": 1.6462941330302834,
      "payload_cycle_offset": 0
    },
    {
      "phase": 13,
      "lock_score": 0.9756401181221008,
      "mean_pilot_ber": 0.0,
      "overall_ber": 0.05172413793103448,
      "sync_source": "pn_repeated_sfd",
      "sfd_pos": 188159,
      "sfd_score": 0.9803057909011841,
      "sync_omega_hat": -1.725287290810229e-08,
      "sync_phase_hat": 1.6471873480704693,
      "payload_cycle_offset": 0
    },
    {
      "phase": 14,
      "lock_score": 0.9848999381065369,
      "mean_pilot_ber": 0.0,
      "overall_ber": 0.05172413793103448,
      "sync_source": "pn_repeated_sfd",
      "sfd_pos": 188159,
      "sfd_score": 0.9885587692260742,
      "sync_omega_hat": -1.7258759754668063e-08,
      "sync_phase_hat": 1.6477536067366791,
      "payload_cycle_offset": 0
    },
    {
      "phase": 15,
      "lock_score": 0.9912182688713074,
      "mean_pilot_ber": 0.0,
      "overall_ber": 0.017241379310344827,
      "sync_source": "pn_repeated_sfd",
      "sfd_pos": 188159,
      "sfd_score": 0.9936352968215942,
      "sync_omega_hat": -1.7252389739041973e-08,
      "sync_phase_hat": 1.6484073931242829,
      "payload_cycle_offset": 0
    },
    {
      "phase": 16,
      "lock_score": 0.047561854124069214,