{
  "capture_dir": "/Users/tpdubya/Downloads/WIRELESS/DEFINED-SDR copy/GH_DEFINED_SDR/captures/defined_pilot_sweep_20260421_195635_qpsk_paper_k04_r03_a01",
  "post_costas_file": "/Users/tpdubya/Downloads/WIRELESS/DEFINED-SDR copy/GH_DEFINED_SDR/captures/defined_pilot_sweep_20260421_195635_qpsk_paper_k04_r03_a01/received_processed_qpsk.bin",
  "tx_frame": "/Users/tpdubya/Downloads/WIRELESS/DEFINED-SDR copy/GH_DEFINED_SDR/captures/defined_pilot_sweep_20260421_195635_qpsk_paper_k04_r03_a01/transmitted_frame.bin",
  "metadata": "/Users/tpdubya/Downloads/WIRELESS/DEFINED-SDR copy/GH_DEFINED_SDR/captures/defined_pilot_sweep_20260421_195635_qpsk_paper_k04_r03_a01/frame_metadata.json",
  "sync_mode": "pn_repeated",
  "sync_repeats": 2,
  "sync_preamble_symbols": 8192,
  "sfd_symbols": 127,
  "best_phase": {
    "phase": 0,
    "frame_start": 169475,
    "pilot_start": 177794,
    "lock_score": 0.9719403982162476,
    "frame_lock_pilots_checked": 1,
    "sync_source": "pn_repeated_sfd",
    "sfd_pos": 177667,
    "sfd_score": 0.9719403982162476,
    "sync_omega_hat": -1.9717571575483817e-08,
    "sync_phase_hat": 0.08691414056837064,
    "payload_cycle_offset": 0,
    "mean_pilot_ber": 0.0,
    "mean_snr_db": 3.9283373037335,
    "overall_ber": 0.05555555555555555,
    "total_errors": 3,
    "total_bits": 54,
    "payload_results": [
      {
        "payload_index": 0,
        "pilot_pos": 177794,
        "pilot_drift": 0,
        "pilot_score": 0.93002849817276,
        "pilot_ber": 0.0,
        "channel_real": 0.13689957559108734,
        "channel_imag": -0.04898003488779068,
        "channel_mag": 0.14539785973194044,
        "channel_phase_deg": -19.68623238540242,
        "snr_db": 3.9283373037335,
        "payload_snr_db": 3.9283373037335,
        "pilot_snr_db": 8.065075974505575,
        "expected_payload_index": 0,
        "bit_errors": 3,
        "bits": 54,
        "ber": 0.05555555555555555
      }
    ]
  },
  "all_phases": [
    {
      "phase": 0,
      "lock_score": 0.9719403982162476,
      "mean_pilot_ber": 0.0,
      "overall_ber": 0.05555555555555555,
      "sync_source": "pn_repeated_sfd",
      "sfd_pos": 177667,
      "sfd_score": 0.9719403982162476,
      "sync_omega_hat": -1.9717571575483817e-08,
      "sync_phase_hat": 0.08691414056837064,
      "payload_cycle_offset": 0
    },
    {
      "phase": 1,
      "lock_score": 0.9566003084182739,
      "mean_pilot_ber": 0.0,
      "overall_ber": 0.037037037037037035,
      "sync_source": "pn_repeated_sfd",
      "sfd_pos": 177667,
      "sfd_score": 0.9566003084182739,
      "sync_omega_hat": -1.9597704792317927e-08,
      "sync_phase_hat": 0.08722542219035745,
      "payload_cycle_offset": 0
    },
    {
      "phase": 2,
      "lock_score": 0.9382429122924805,
      "mean_pilot_ber": 0.0,
      "overall_ber": 0.12962962962962962,
      "sync_source": "pn_repeated_sfd",
      "sfd_pos": 177667,
      "sfd_score": 0.9382429122924805,
      "sync_omega_hat": -1.952151684747605e-08,
      "sync_phase_hat": 0.08792767359525482,
      "payload_cycle_offset": 0
    },
    {
      "phase": 3,
      "lock_score": 0.9129540324211121,
      "mean_pilot_ber": 0.0,
      "overall_ber": 0.18518518518518517,
      "sync_source": "pn_repeated_sfd",
      "sfd_pos": 177667,
      "sfd_score": 0.9129540324211121,
      "sync_omega_hat": -1.942934879650693e-08,
      "sync_phase_hat": 0.08860141141395624,
      "payload_cycle_offset": 0
    },
    {
      "phase": 4,
      "lock_score": 0.8821386098861694,
      "mean_pilot_ber": 0.0,
      "overall_ber": 0.16666666666666666,
      "sync_source": "pn_repeated_sfd",
      "sfd_pos": 177667,
      "sfd_score": 0.8821386098861694,
      "sync_omega_hat": -1.9330693490360318e-08,
      "sync_phase_hat": 0.08942249859177127,
      "payload_cycle_offset": 0
    },
    {
      "phase": 5,
      "lock_score": 0.8452308773994446,
      "mean_pilot_ber": 0.125,
      "overall_ber": 0.2037037037037037,
      "sync_source": "pn_repeated_sfd",
      "sfd_pos": 177667,
      "sfd_score": 0.8452308773994446,
      "sync_omega_hat": -1.9260273376175974e-08,
      "sync_phase_hat": 0.09036513229914447,
      "payload_cycle_offset": 0
    },
    {
      "phase": 6,
      "lock_score": 0.8033194541931152,
      "mean_pilot_ber": 0.125,
      "overall_ber": 0.2222222222222222,
      "sync_source": "pn_repeated_sfd",
      "sfd_pos": 177667,
      "sfd_score": 0.8033194541931152,
      "sync_omega_hat": -1.916058778306251e-08,
      "sync_phase_hat": 0.09131947523241558,
      "payload_cycle_offset": 0
    },
    {
      "phase": 7,
      "lock_score": 0.7550560235977173,
      "mean_pilot_ber": 0.125,
      "overall_ber": 0.2962962962962963,
      "sync_source": "pn_repeated_sfd",
      "sfd_pos": 177667,
      "sfd_score": 0.7550560235977173,
      "sync_omega_hat": -1.9046890287199858e-08,
      "sync_phase_hat": 0.09237560739945291,
      "payload_cycle_offset": 0
    },
    {
      "phase": 8,
      "lock_score": 0.7003540992736816,
      "mean_pilot_ber": 0.125,
      "overall_ber": 0.35185185185185186,
      "sync_source": "pn_repeated_sfd",
      "sfd_pos": 177666,
      "sfd_score": 0.7208463549613953,
      "sync_omega_hat": -1.895091727988074e-08,
      "sync_phase_hat": 0.09420779823192259,
      "payload_cycle_offset": 0
    },
    {
      "phase": 9,
      "lock_score": 0.7484613060951233,
      "mean_pilot_ber": 0.125,
      "overall_ber": 0.42592592592592593,
      "sync_source": "pn_repeated_sfd",
      "sfd_pos": 177666,
      "sfd_score": 0.773247480392456,
      "sync_omega_hat": -1.993033649227982e-08,
      "sync_phase_hat": 0.07407864145561212,
      "payload_cycle_offset": 0
    },
    {
      "phase": 10,
      "lock_score": 0.7990530729293823,
      "mean_pilot_ber": 0.0,
      "overall_ber": 0.4074074074074074,
      "sync_source": "pn_repeated_sfd",
      "sfd_pos": 177666,
      "sfd_score": 0.8198295831680298,
      "sync_omega_hat": -1.9930181949234793e-08,
      "sync_phase_hat": 0.07596499637494601,
      "payload_cycle_offset": 0
    },
    {
      "phase": 11,
      "lock_score": 0.8426992297172546,
      "mean_pilot_ber": 0.0,
      "overall_ber": 0.42592592592592593,
      "sync_source": "pn_repeated_sfd",
      "sfd_pos": 177666,
      "sfd_score": 0.8602161407470703,
      "sync_omega_hat": -1.998134635528004e-08,
      "sync_phase_hat": 0.07780500882884572,
      "payload_cycle_offset": 0
    },
    {
      "phase": 12,
      "lock_score": 0.8807289004325867,
      "mean_pilot_ber": 0.0,
      "overall_ber": 0.42592592592592593,
      "sync_source": "pn_repeated_sfd",
      "sfd_pos": 177666,
      "sfd_score": 0.894894003868103,
      "sync_omega_hat": -2.000219367914724e-08,
      "sync_phase_hat": 0.07924072545308129,
      "payload_cycle_offset": 0
    },
    {
      "phase": 13,
      "lock_score": 0.9115496277809143,
      "mean_pilot_ber": 0.125,
      "overall_ber": 0.42592592592592593,
      "sync_source": "pn_repeated_sfd",
      "sfd_pos": 177666,
      "sfd_score": 0.9228189587593079,
      "sync_omega_hat": -2.0025609615004214e-08,
      "sync_phase_hat": 0.08028613465611273,
      "payload_cycle_offset": 0
    },
    {
      "phase": 14,
      "lock_score": 0.9370399117469788,
      "mean_pilot_ber": 0.125,
      "overall_ber": 0.4444444444444444,
      "sync_source": "pn_repeated_sfd",
      "sfd_pos": 177666,
      "sfd_score": 0.945874035358429,
      "sync_omega_hat": -2.0014589097172575e-08,
      "sync_phase_hat": 0.08159170432249159,
      "payload_cycle_offset": 0
    },
    {
      "phase": 15,
      "lock_score": 0.9562848210334778,
      "mean_pilot_ber": 0.125,
      "overall_ber": 0.42592592592592593,
      "sync_source": "pn_repeated_sfd",
      "sfd_pos": 177666,
      "sfd_score": 0.9632267355918884,
      "sync_omega_hat": -2.0029613523320222e-08,
      "sync_phase_hat": 0.08254552413531838,
      "payload_cycle_offset": 0
    },
    {
      "phase": 16,
      "lock_score": 0.9715136885643005,