{
  "capture_dir": "/Users/tpdubya/Downloads/WIRELESS/DEFINED-SDR copy/GH_DEFINED_SDR/captures/defined_pilot_sweep_20260421_195635_qpsk_paper_k04_r02_a03",
  "post_costas_file": "/Users/tpdubya/Downloads/WIRELESS/DEFINED-SDR copy/GH_DEFINED_SDR/captures/defined_pilot_sweep_20260421_195635_qpsk_paper_k04_r02_a03/received_processed_qpsk.bin",
  "tx_frame": "/Users/tpdubya/Downloads/WIRELESS/DEFINED-SDR copy/GH_DEFINED_SDR/captures/defined_pilot_sweep_20260421_195635_qpsk_paper_k04_r02_a03/transmitted_frame.bin",
  "metadata": "/Users/tpdubya/Downloads/WIRELESS/DEFINED-SDR copy/GH_DEFINED_SDR/captures/defined_pilot_sweep_20260421_195635_qpsk_paper_k04_r02_a03/frame_metadata.json",
  "sync_mode": "pn_repeated",
  "sync_repeats": 2,
  "sync_preamble_symbols": 8192,
  "sfd_symbols": 127,
  "best_phase": {
    "phase": 10,
    "frame_start": 150869,
    "pilot_start": 159188,
    "lock_score": 0.995488166809082,
    "frame_lock_pilots_checked": 1,
    "sync_source": "pn_repeated_sfd",
    "sfd_pos": 159061,
    "sfd_score": 0.9965474009513855,
    "sync_omega_hat": -2.1341344691450104e-08,
    "sync_phase_hat": 0.08107523016603353,
    "payload_cycle_offset": 0,
    "mean_pilot_ber": 0.0,
    "mean_snr_db": 4.356682435921935,
    "overall_ber": 0.05555555555555555,
    "total_errors": 3,
    "total_bits": 54,
    "payload_results": [
      {
        "payload_index": 0,
        "pilot_pos": 159188,
        "pilot_drift": 0,
        "pilot_score": 0.9591597318649292,
        "pilot_ber": 0.0,
        "channel_real": 0.18906235694885254,
        "channel_imag": -0.061778388917446136,
        "channel_mag": 0.19889983447024423,
        "channel_phase_deg": -18.09542339316416,
        "snr_db": 4.356682435921935,
        "payload_snr_db": 4.356682435921935,
        "pilot_snr_db": 10.606236724711163,
        "expected_payload_index": 0,
        "bit_errors": 3,
        "bits": 54,
        "ber": 0.05555555555555555
      }
    ]
  },
  "all_phases": [
    {
      "phase": 0,
      "lock_score": 0.038896217942237854,
      "mean_pilot_ber": 0.0,
      "overall_ber": 0.4444444444444444,
      "sync_source": "pn_repeated_sfd",
      "sfd_pos": 82850,
      "sfd_score": 0.1701962798833847,
      "sync_omega_hat": 3.1059723824000685e-06,
      "sync_phase_hat": -1.7871391739392557,
      "payload_cycle_offset": 0
    },
    {
      "phase": 1,
      "lock_score": 0.039430323988199234,
      "mean_pilot_ber": 0.0,
      "overall_ber": 0.4444444444444444,
      "sync_source": "pn_repeated_sfd",
      "sfd_pos": 82850,
      "sfd_score": 0.17090444266796112,
      "sync_omega_hat": 3.106172698608134e-06,
      "sync_phase_hat": -1.8005482726950455,
      "payload_cycle_offset": 0
    },
    {
      "phase": 2,
      "lock_score": 0.03977101296186447,
      "mean_pilot_ber": 0.125,
      "overall_ber": 0.5185185185185185,
      "sync_source": "pn_repeated_sfd",
      "sfd_pos": 82850,
      "sfd_score": 0.1725674867630005,
      "sync_omega_hat": 3.1063721053214977e-06,
      "sync_phase_hat": -1.8074829898212168,
      "payload_cycle_offset": 0
    },
    {
      "phase": 3,
      "lock_score": 0.03981116786599159,
      "mean_pilot_ber": 0.125,
      "overall_ber": 0.48148148148148145,
      "sync_source": "pn_repeated_sfd",
      "sfd_pos": 82850,
      "sfd_score": 0.17437443137168884,
      "sync_omega_hat": 3.1065658276929753e-06,
      "sync_phase_hat": -1.8156622443905668,
      "payload_cycle_offset": 0
    },
    {
      "phase": 4,
      "lock_score": 0.03961234167218208,
      "mean_pilot_ber": 0.125,
      "overall_ber": 0.48148148148148145,
      "sync_source": "pn_repeated_sfd",
      "sfd_pos": 82850,
      "sfd_score": 0.17478123307228088,
      "sync_omega_hat": 3.1067002055351622e-06,
      "sync_phase_hat": -1.8259681307301359,
      "payload_cycle_offset": 0
    },
    {
      "phase": 5,
      "lock_score": 0.03935054689645767,
      "mean_pilot_ber": 0.0,
      "overall_ber": 0.46296296296296297,
      "sync_source": "pn_repeated_sfd",
      "sfd_pos": 82850,
      "sfd_score": 0.17595717310905457,
      "sync_omega_hat": 3.1069480428413954e-06,
      "sync_phase_hat": -1.8316363509678295,
      "payload_cycle_offset": 0
    },
    {
      "phase": 6,
      "lock_score": 0.03880865499377251,
      "mean_pilot_ber": 0.0,
      "overall_ber": 0.46296296296296297,
      "sync_source": "pn_repeated_sfd",
      "sfd_pos": 82850,
      "sfd_score": 0.17716926336288452,
      "sync_omega_hat": 3.1071949706529267e-06,
      "sync_phase_hat": -1.8377291083387821,
      "payload_cycle_offset": 0
    },
    {
      "phase": 7,
      "lock_score": 0.037985824048519135,
      "mean_pilot_ber": 0.125,
      "overall_ber": 0.4074074074074074,
      "sync_source": "pn_repeated_sfd",
      "sfd_pos": 82850,
      "sfd_score": 0.1781710982322693,
      "sync_omega_hat": 3.1074118851392996e-06,
      "sync_phase_hat": -1.8454516525080986,
      "payload_cycle_offset": 0
    },
    {
      "phase": 8,
      "lock_score": 0.03711707890033722,
      "mean_pilot_ber": 0.0,
      "overall_ber": 0.3148148148148148,
      "sync_source": "pn_repeated_sfd",
      "sfd_pos": 82850,
      "sfd_score": 0.17901016771793365,
      "sync_omega_hat": 3.107565589743899e-06,
      "sync_phase_hat": -1.849683797980108,
      "payload_cycle_offset": 0
    },
    {
      "phase": 9,
      "lock_score": 0.03611857816576958,
      "mean_pilot_ber": 0.0,
      "overall_ber": 0.3148148148148148,
      "sync_source": "pn_repeated_sfd",
      "sfd_pos": 82850,
      "sfd_score": 0.18060940504074097,
      "sync_omega_hat": 3.1076615414349362e-06,
      "sync_phase_hat": -1.860346262180601,
      "payload_cycle_offset": 0
    },
    {
      "phase": 10,
      "lock_score": 0.995488166809082,
      "mean_pilot_ber": 0.0,
      "overall_ber": 0.05555555555555555,
      "sync_source": "pn_repeated_sfd",
      "sfd_pos": 159061,
      "sfd_score": 0.9965474009513855,
      "sync_omega_hat": -2.1341344691450104e-08,
      "sync_phase_hat": 0.08107523016603353,
      "payload_cycle_offset": 0
    },
    {
      "phase": 11,
      "lock_score": 0.9952153563499451,
      "mean_pilot_ber": 0.0,
      "overall_ber": 0.09259259259259259,
      "sync_source": "pn_repeated_sfd",
      "sfd_pos": 159061,
      "sfd_score": 0.9961444735527039,
      "sync_omega_hat": -2.130012433099182e-08,
      "sync_phase_hat": 0.0812327773814054,
      "payload_cycle_offset": 0
    },
    {
      "phase": 12,
      "lock_score": 0.9926843047142029,
      "mean_pilot_ber": 0.0,
      "overall_ber": 0.09259259259259259,
      "sync_source": "pn_repeated_sfd",
      "sfd_pos": 159061,
      "sfd_score": 0.9935941696166992,
      "sync_omega_hat": -2.1210315281905423e-08,
      "sync_phase_hat": 0.08172710474012126,
      "payload_cycle_offset": 0
    },
    {
      "phase": 13,
      "lock_score": 0.9883593916893005,
      "mean_pilot_ber": 0.0,
      "overall_ber": 0.14814814814814814,
      "sync_source": "pn_repeated_sfd",
      "sfd_pos": 159061,
      "sfd_score": 0.9891261458396912,
      "sync_omega_hat": -2.1145897477481412e-08,
      "sync_phase_hat": 0.0819730112013649,
      "payload_cycle_offset": 0
    },
    {
      "phase": 14,
      "lock_score": 0.9805169105529785,
      "mean_pilot_ber": 0.0,
      "overall_ber": 0.16666666666666666,
      "sync_source": "pn_repeated_sfd",
      "sfd_pos": 159061,
      "sfd_score": 0.9811906218528748,
      "sync_omega_hat": -2.1074264111575758e-08,
      "sync_phase_hat": 0.08248946359696976,
      "payload_cycle_offset": 0
    },
    {
      "phase": 15,
      "lock_score": 0.9698460102081299,
      "mean_pilot_ber": 0.0,
      "overall_ber": 0.2037037037037037,
      "sync_source": "pn_repeated_sfd",
      "sfd_pos": 159061,
      "sfd_score": 0.9703702330589294,
      "sync_omega_hat": -2.0990267302067878e-08,
      "sync_phase_hat": 0.0827068863235398,
      "payload_cycle_offset": 0
    },
    {
      "phase": 16,
      "lock_score": 0.954306423664093,