{
  "capture_dir": "/Users/tpdubya/Downloads/WIRELESS/DEFINED-SDR copy/GH_DEFINED_SDR/captures/defined_pilot_sweep_20260421_195635_qpsk_paper_k02_r02_a04",
  "post_costas_file": "/Users/tpdubya/Downloads/WIRELESS/DEFINED-SDR copy/GH_DEFINED_SDR/captures/defined_pilot_sweep_20260421_195635_qpsk_paper_k02_r02_a04/received_processed_qpsk.bin",
  "tx_frame": "/Users/tpdubya/Downloads/WIRELESS/DEFINED-SDR copy/GH_DEFINED_SDR/captures/defined_pilot_sweep_20260421_195635_qpsk_paper_k02_r02_a04/transmitted_frame.bin",
  "metadata": "/Users/tpdubya/Downloads/WIRELESS/DEFINED-SDR copy/GH_DEFINED_SDR/captures/defined_pilot_sweep_20260421_195635_qpsk_paper_k02_r02_a04/frame_metadata.json",
  "sync_mode": "pn_repeated",
  "sync_repeats": 2,
  "sync_preamble_symbols": 8192,
  "sfd_symbols": 127,
  "best_phase": {
    "phase": 23,
    "frame_start": 153429,
    "pilot_start": 161748,
    "lock_score": 0.9956914186477661,
    "frame_lock_pilots_checked": 1,
    "sync_source": "pn_repeated_sfd",
    "sfd_pos": 161621,
    "sfd_score": 0.9972227215766907,
    "sync_omega_hat": -2.6828608223894435e-09,
    "sync_phase_hat": 1.5810379794694827,
    "payload_cycle_offset": 0,
    "mean_pilot_ber": 0.0,
    "mean_snr_db": 4.497134555095829,
    "overall_ber": 0.06896551724137931,
    "total_errors": 4,
    "total_bits": 58,
    "payload_results": [
      {
        "payload_index": 0,
        "pilot_pos": 161748,
        "pilot_drift": 0,
        "pilot_score": 0.8252924084663391,
        "pilot_ber": 0.0,
        "channel_real": 0.17967116832733154,
        "channel_imag": 0.04178009182214737,
        "channel_mag": 0.1844649148233218,
        "channel_phase_deg": 13.090712943653804,
        "snr_db": 4.497134555095829,
        "payload_snr_db": 4.497134555095829,
        "pilot_snr_db": 3.2957178376849585,
        "expected_payload_index": 0,
        "bit_errors": 4,
        "bits": 58,
        "ber": 0.06896551724137931
      }
    ]
  },
  "all_phases": [
    {
      "phase": 0,
      "lock_score": 0.04020540788769722,
      "mean_pilot_ber": 0.0,
      "overall_ber": 0.6379310344827587,
      "sync_source": "pn_repeated_sfd",
      "sfd_pos": 129076,
      "sfd_score": 0.19718170166015625,
      "sync_omega_hat": 1.79317574122706e-08,
      "sync_phase_hat": -2.1691795767082267,
      "payload_cycle_offset": 0
    },
    {
      "phase": 1,
      "lock_score": 0.040745947510004044,
      "mean_pilot_ber": 0.0,
      "overall_ber": 0.603448275862069,
      "sync_source": "pn_repeated_sfd",
      "sfd_pos": 129076,
      "sfd_score": 0.20102553069591522,
      "sync_omega_hat": 1.7894246084892984e-08,
      "sync_phase_hat": -2.16091610082831,
      "payload_cycle_offset": 0
    },
    {
      "phase": 2,
      "lock_score": 0.04179791361093521,
      "mean_pilot_ber": 0.0,
      "overall_ber": 0.6206896551724138,
      "sync_source": "pn_repeated_sfd",
      "sfd_pos": 129076,
      "sfd_score": 0.20422101020812988,
      "sync_omega_hat": 1.773707758445653e-08,
      "sync_phase_hat": -2.1589186716920605,
      "payload_cycle_offset": 0
    },
    {
      "phase": 3,
      "lock_score": 0.04254414886236191,
      "mean_pilot_ber": 0.0,
      "overall_ber": 0.603448275862069,
      "sync_source": "pn_repeated_sfd",
      "sfd_pos": 129076,
      "sfd_score": 0.206942617893219,
      "sync_omega_hat": 1.7639131044688838e-08,
      "sync_phase_hat": -2.1569192802894444,
      "payload_cycle_offset": 0
    },
    {
      "phase": 4,
      "lock_score": 0.04345131292939186,
      "mean_pilot_ber": 0.0,
      "overall_ber": 0.5862068965517241,
      "sync_source": "pn_repeated_sfd",
      "sfd_pos": 129076,
      "sfd_score": 0.2095841020345688,
      "sync_omega_hat": 1.753057610187625e-08,
      "sync_phase_hat": -2.158211945456572,
      "payload_cycle_offset": 0
    },
    {
      "phase": 5,
      "lock_score": 0.04429364576935768,
      "mean_pilot_ber": 0.0,
      "overall_ber": 0.603448275862069,
      "sync_source": "pn_repeated_sfd",
      "sfd_pos": 129076,
      "sfd_score": 0.21200895309448242,
      "sync_omega_hat": 1.741156907542063e-08,
      "sync_phase_hat": -2.155131049502513,
      "payload_cycle_offset": 0
    },
    {
      "phase": 6,
      "lock_score": 0.04499351605772972,
      "mean_pilot_ber": 0.0,
      "overall_ber": 0.603448275862069,
      "sync_source": "pn_repeated_sfd",
      "sfd_pos": 129076,
      "sfd_score": 0.21370527148246765,
      "sync_omega_hat": 1.7333148250031627e-08,
      "sync_phase_hat": -2.1537491431343354,
      "payload_cycle_offset": 0
    },
    {
      "phase": 7,
      "lock_score": 0.04537130519747734,
      "mean_pilot_ber": 0.0,
      "overall_ber": 0.6206896551724138,
      "sync_source": "pn_repeated_sfd",
      "sfd_pos": 129076,
      "sfd_score": 0.21435455977916718,
      "sync_omega_hat": 1.7243742433947773e-08,
      "sync_phase_hat": -2.1536180572710033,
      "payload_cycle_offset": 0
    },
    {
      "phase": 8,
      "lock_score": 0.04586688429117203,
      "mean_pilot_ber": 0.0,
      "overall_ber": 0.6206896551724138,
      "sync_source": "pn_repeated_sfd",
      "sfd_pos": 129076,
      "sfd_score": 0.21382571756839752,
      "sync_omega_hat": 1.713377884016154e-08,
      "sync_phase_hat": -2.147624873797876,
      "payload_cycle_offset": 0
    },
    {
      "phase": 9,
      "lock_score": 0.04599206522107124,
      "mean_pilot_ber": 0.0,
      "overall_ber": 0.6206896551724138,
      "sync_source": "pn_repeated_sfd",
      "sfd_pos": 129076,
      "sfd_score": 0.21270950138568878,
      "sync_omega_hat": 1.70586069714318e-08,
      "sync_phase_hat": -2.1423096387716467,
      "payload_cycle_offset": 0
    },
    {
      "phase": 10,
      "lock_score": 0.04579872265458107,
      "mean_pilot_ber": 0.5,
      "overall_ber": 0.5172413793103449,
      "sync_source": "pn_repeated_sfd",
      "sfd_pos": 128970,
      "sfd_score": 0.2133445143699646,
      "sync_omega_hat": 1.6926225754332336e-08,
      "sync_phase_hat": -2.1379240655033604,
      "payload_cycle_offset": 0
    },
    {
      "phase": 11,
      "lock_score": 0.04535331577062607,
      "mean_pilot_ber": 0.5,
      "overall_ber": 0.5344827586206896,
      "sync_source": "pn_repeated_sfd",
      "sfd_pos": 128970,
      "sfd_score": 0.21859054267406464,
      "sync_omega_hat": 1.68317892956793e-08,
      "sync_phase_hat": -2.1352208908958703,
      "payload_cycle_offset": 0
    },
    {
      "phase": 12,
      "lock_score": 0.04454560577869415,
      "mean_pilot_ber": 0.5,
      "overall_ber": 0.5517241379310345,
      "sync_source": "pn_repeated_sfd",
      "sfd_pos": 128970,
      "sfd_score": 0.22265315055847168,
      "sync_omega_hat": 1.674234262338814e-08,
      "sync_phase_hat": -2.1326731358389193,
      "payload_cycle_offset": 0
    },
    {
      "phase": 13,
      "lock_score": 0.043565668165683746,
      "mean_pilot_ber": 0.5,
      "overall_ber": 0.603448275862069,
      "sync_source": "pn_repeated_sfd",
      "sfd_pos": 128970,
      "sfd_score": 0.22513613104820251,
      "sync_omega_hat": 1.6610018249707537e-08,
      "sync_phase_hat": -2.1317560040025594,
      "payload_cycle_offset": 0
    },
    {
      "phase": 14,
      "lock_score": 0.04242527857422829,
      "mean_pilot_ber": 0.5,
      "overall_ber": 0.603448275862069,
      "sync_source": "pn_repeated_sfd",
      "sfd_pos": 128970,
      "sfd_score": 0.22624249756336212,
      "sync_omega_hat": 1.648697178779912e-08,
      "sync_phase_hat": -2.126122534082669,
      "payload_cycle_offset": 0
    },
    {
      "phase": 15,
      "lock_score": 0.04098885506391525,
      "mean_pilot_ber": 0.5,
      "overall_ber": 0.5862068965517241,
      "sync_source": "pn_repeated_sfd",
      "sfd_pos": 128970,
      "sfd_score": 0.2271132916212082,
      "sync_omega_hat": 1.6400498736857116e-08,
      "sync_phase_hat": -2.1248606080660455,
      "payload_cycle_offset": 0
    },
    {
      "phase": 16,
      "lock_score": 0.03936533257365227,
      "mean_pilot_ber": 0.5,