{
  "capture_dir": "/Users/tpdubya/Downloads/WIRELESS/DEFINED-SDR copy/GH_DEFINED_SDR/captures/defined_pilot_sweep_20260421_195635_qpsk_paper_k02_r02_a01",
  "post_costas_file": "/Users/tpdubya/Downloads/WIRELESS/DEFINED-SDR copy/GH_DEFINED_SDR/captures/defined_pilot_sweep_20260421_195635_qpsk_paper_k02_r02_a01/received_processed_qpsk.bin",
  "tx_frame": "/Users/tpdubya/Downloads/WIRELESS/DEFINED-SDR copy/GH_DEFINED_SDR/captures/defined_pilot_sweep_20260421_195635_qpsk_paper_k02_r02_a01/transmitted_frame.bin",
  "metadata": "/Users/tpdubya/Downloads/WIRELESS/DEFINED-SDR copy/GH_DEFINED_SDR/captures/defined_pilot_sweep_20260421_195635_qpsk_paper_k02_r02_a01/frame_metadata.json",
  "sync_mode": "pn_repeated",
  "sync_repeats": 2,
  "sync_preamble_symbols": 8192,
  "sfd_symbols": 127,
  "best_phase": {
    "phase": 24,
    "frame_start": 132535,
    "pilot_start": 140854,
    "lock_score": 0.050435472279787064,
    "frame_lock_pilots_checked": 1,
    "sync_source": "pn_repeated_sfd",
    "sfd_pos": 140727,
    "sfd_score": 0.20420734584331512,
    "sync_omega_hat": 8.583839417042327e-09,
    "sync_phase_hat": 2.3321213802341574,
    "payload_cycle_offset": 0,
    "mean_pilot_ber": 0.25,
    "mean_snr_db": -5.188921168303255,
    "overall_ber": 0.5172413793103449,
    "total_errors": 30,
    "total_bits": 58,
    "payload_results": [
      {
        "payload_index": 0,
        "pilot_pos": 140854,
        "pilot_drift": 0,
        "pilot_score": 0.7106983065605164,
        "pilot_ber": 0.25,
        "channel_real": -0.47324493527412415,
        "channel_imag": 0.23586562275886536,
        "channel_mag": 0.528765884642757,
        "channel_phase_deg": 153.5083006935246,
        "snr_db": -5.188921168303255,
        "payload_snr_db": -5.188921168303255,
        "pilot_snr_db": 0.0884648814177519,
        "expected_payload_index": 0,
        "bit_errors": 30,
        "bits": 58,
        "ber": 0.5172413793103449
      }
    ]
  },
  "all_phases": [
    {
      "phase": 0,
      "lock_score": 0.04073232039809227,
      "mean_pilot_ber": 0.25,
      "overall_ber": 0.5172413793103449,
      "sync_source": "pn_repeated_sfd",
      "sfd_pos": 183436,
      "sfd_score": 0.18173658847808838,
      "sync_omega_hat": -3.0743343426564707e-09,
      "sync_phase_hat": 0.14187174378577466,
      "payload_cycle_offset": 0
    },
    {
      "phase": 1,
      "lock_score": 0.0400758795440197,
      "mean_pilot_ber": 0.0,
      "overall_ber": 0.4482758620689655,
      "sync_source": "pn_repeated_sfd",
      "sfd_pos": 183383,
      "sfd_score": 0.18400515615940094,
      "sync_omega_hat": -3.0853735122349235e-09,
      "sync_phase_hat": 0.15183213170517476,
      "payload_cycle_offset": 0
    },
    {
      "phase": 2,
      "lock_score": 0.0393020436167717,
      "mean_pilot_ber": 0.0,
      "overall_ber": 0.4482758620689655,
      "sync_source": "pn_repeated_sfd",
      "sfd_pos": 183383,
      "sfd_score": 0.18564674258232117,
      "sync_omega_hat": -3.0884772517225656e-09,
      "sync_phase_hat": 0.16152347090773375,
      "payload_cycle_offset": 0
    },
    {
      "phase": 3,
      "lock_score": 0.03854060545563698,
      "mean_pilot_ber": 0.0,
      "overall_ber": 0.4482758620689655,
      "sync_source": "pn_repeated_sfd",
      "sfd_pos": 183383,
      "sfd_score": 0.18628256022930145,
      "sync_omega_hat": -3.0704452314012087e-09,
      "sync_phase_hat": 0.1687940602937451,
      "payload_cycle_offset": 0
    },
    {
      "phase": 4,
      "lock_score": 0.03779881075024605,
      "mean_pilot_ber": 0.0,
      "overall_ber": 0.4482758620689655,
      "sync_source": "pn_repeated_sfd",
      "sfd_pos": 183383,
      "sfd_score": 0.18750706315040588,
      "sync_omega_hat": -3.1052393989483562e-09,
      "sync_phase_hat": 0.17437906627804753,
      "payload_cycle_offset": 0
    },
    {
      "phase": 5,
      "lock_score": 0.03720685467123985,
      "mean_pilot_ber": 0.0,
      "overall_ber": 0.4482758620689655,
      "sync_source": "pn_repeated_sfd",
      "sfd_pos": 183383,
      "sfd_score": 0.1864326298236847,
      "sync_omega_hat": -3.088594935363176e-09,
      "sync_phase_hat": 0.1831988240009482,
      "payload_cycle_offset": 0
    },
    {
      "phase": 6,
      "lock_score": 0.03795240446925163,
      "mean_pilot_ber": 0.0,
      "overall_ber": 0.4482758620689655,
      "sync_source": "pn_repeated_sfd",
      "sfd_pos": 183383,
      "sfd_score": 0.1846884936094284,
      "sync_omega_hat": -2.943014054679338e-09,
      "sync_phase_hat": 0.18537088054545559,
      "payload_cycle_offset": 0
    },
    {
      "phase": 7,
      "lock_score": 0.0387234091758728,
      "mean_pilot_ber": 0.0,
      "overall_ber": 0.4482758620689655,
      "sync_source": "pn_repeated_sfd",
      "sfd_pos": 183383,
      "sfd_score": 0.18288883566856384,
      "sync_omega_hat": -2.8565891874166027e-09,
      "sync_phase_hat": 0.18917089548177557,
      "payload_cycle_offset": 0
    },
    {
      "phase": 8,
      "lock_score": 0.039499953389167786,
      "mean_pilot_ber": 0.0,
      "overall_ber": 0.4482758620689655,
      "sync_source": "pn_repeated_sfd",
      "sfd_pos": 183383,
      "sfd_score": 0.18041394650936127,
      "sync_omega_hat": -2.731202597416882e-09,
      "sync_phase_hat": 0.19683091748514522,
      "payload_cycle_offset": 0
    },
    {
      "phase": 9,
      "lock_score": 0.04020500183105469,
      "mean_pilot_ber": 0.0,
      "overall_ber": 0.4482758620689655,
      "sync_source": "pn_repeated_sfd",
      "sfd_pos": 183383,
      "sfd_score": 0.17765823006629944,
      "sync_omega_hat": -2.6162283450759105e-09,
      "sync_phase_hat": 0.19738379176851817,
      "payload_cycle_offset": 0
    },
    {
      "phase": 10,
      "lock_score": 0.04090750217437744,
      "mean_pilot_ber": 0.0,
      "overall_ber": 0.4482758620689655,
      "sync_source": "pn_repeated_sfd",
      "sfd_pos": 183383,
      "sfd_score": 0.17475806176662445,
      "sync_omega_hat": -2.503023122102377e-09,
      "sync_phase_hat": 0.20121488503985122,
      "payload_cycle_offset": 0
    },
    {
      "phase": 11,
      "lock_score": 0.04139023274183273,
      "mean_pilot_ber": 0.0,
      "overall_ber": 0.4482758620689655,
      "sync_source": "pn_repeated_sfd",
      "sfd_pos": 183383,
      "sfd_score": 0.1726801097393036,
      "sync_omega_hat": -2.361123963012801e-09,
      "sync_phase_hat": 0.20305084751099162,
      "payload_cycle_offset": 0
    },
    {
      "phase": 12,
      "lock_score": 0.04184451699256897,
      "mean_pilot_ber": 0.0,
      "overall_ber": 0.46551724137931033,
      "sync_source": "pn_repeated_sfd",
      "sfd_pos": 183383,
      "sfd_score": 0.16979031264781952,
      "sync_omega_hat": -2.2073658456633893e-09,
      "sync_phase_hat": 0.20798390423923974,
      "payload_cycle_offset": 0
    },
    {
      "phase": 13,
      "lock_score": 0.04210488870739937,
      "mean_pilot_ber": 0.0,
      "overall_ber": 0.4827586206896552,
      "sync_source": "pn_repeated_sfd",
      "sfd_pos": 183383,
      "sfd_score": 0.16859027743339539,
      "sync_omega_hat": -2.0921269161533473e-09,
      "sync_phase_hat": 0.21484319367328905,
      "payload_cycle_offset": 0
    },
    {
      "phase": 14,
      "lock_score": 0.04214286804199219,
      "mean_pilot_ber": 0.0,
      "overall_ber": 0.5,
      "sync_source": "pn_repeated_sfd",
      "sfd_pos": 183383,
      "sfd_score": 0.16660067439079285,
      "sync_omega_hat": -1.9972714593308183e-09,
      "sync_phase_hat": 0.2191201901020149,
      "payload_cycle_offset": 0
    },
    {
      "phase": 15,
      "lock_score": 0.04207022115588188,
      "mean_pilot_ber": 0.0,
      "overall_ber": 0.5,
      "sync_source": "pn_repeated_sfd",
      "sfd_pos": 183383,
      "sfd_score": 0.16432633996009827,
      "sync_omega_hat": -1.8907342358431833e-09,
      "sync_phase_hat": 0.2230488261701179,
      "payload_cycle_offset": 0
    },
    {
      "phase": 16,
      "lock_score": 0.04166940599679947,