{
  "capture_dir": "/Users/tpdubya/Downloads/WIRELESS/DEFINED-SDR copy/GH_DEFINED_SDR/captures/defined_pilot_sweep_20260421_195635_qpsk_paper_k02_r03_a01",
  "post_costas_file": "/Users/tpdubya/Downloads/WIRELESS/DEFINED-SDR copy/GH_DEFINED_SDR/captures/defined_pilot_sweep_20260421_195635_qpsk_paper_k02_r03_a01/received_processed_qpsk.bin",
  "tx_frame": "/Users/tpdubya/Downloads/WIRELESS/DEFINED-SDR copy/GH_DEFINED_SDR/captures/defined_pilot_sweep_20260421_195635_qpsk_paper_k02_r03_a01/transmitted_frame.bin",
  "metadata": "/Users/tpdubya/Downloads/WIRELESS/DEFINED-SDR copy/GH_DEFINED_SDR/captures/defined_pilot_sweep_20260421_195635_qpsk_paper_k02_r03_a01/frame_metadata.json",
  "sync_mode": "pn_repeated",
  "sync_repeats": 2,
  "sync_preamble_symbols": 8192,
  "sfd_symbols": 127,
  "best_phase": {
    "phase": 3,
    "frame_start": 105090,
    "pilot_start": 113409,
    "lock_score": 0.8531662821769714,
    "frame_lock_pilots_checked": 1,
    "sync_source": "pn_repeated_sfd",
    "sfd_pos": 113282,
    "sfd_score": 0.8660166263580322,
    "sync_omega_hat": 7.525667200525277e-09,
    "sync_phase_hat": 1.5434978135929307,
    "payload_cycle_offset": 0,
    "mean_pilot_ber": 0.0,
    "mean_snr_db": 2.8562854632907984,
    "overall_ber": 0.15517241379310345,
    "total_errors": 9,
    "total_bits": 58,
    "payload_results": [
      {
        "payload_index": 0,
        "pilot_pos": 113409,
        "pilot_drift": 0,
        "pilot_score": 0.8751981854438782,
        "pilot_ber": 0.0,
        "channel_real": 0.3082820177078247,
        "channel_imag": -0.003988162148743868,
        "channel_mag": 0.30830781352299885,
        "channel_phase_deg": -0.7411788552014942,
        "snr_db": 2.8562854632907984,
        "payload_snr_db": 2.8562854632907984,
        "pilot_snr_db": 5.149449352143036,
        "expected_payload_index": 0,
        "bit_errors": 9,
        "bits": 58,
        "ber": 0.15517241379310345
      }
    ]
  },
  "all_phases": [
    {
      "phase": 0,
      "lock_score": 0.7076200842857361,
      "mean_pilot_ber": 0.0,
      "overall_ber": 0.3103448275862069,
      "sync_source": "pn_repeated_sfd",
      "sfd_pos": 113282,
      "sfd_score": 0.73105788230896,
      "sync_omega_hat": 7.58462892491707e-09,
      "sync_phase_hat": 1.5384428958000365,
      "payload_cycle_offset": 0
    },
    {
      "phase": 1,
      "lock_score": 0.7621548175811768,
      "mean_pilot_ber": 0.0,
      "overall_ber": 0.22413793103448276,
      "sync_source": "pn_repeated_sfd",
      "sfd_pos": 113282,
      "sfd_score": 0.7816011905670166,
      "sync_omega_hat": 7.56395213130645e-09,
      "sync_phase_hat": 1.5404441513769849,
      "payload_cycle_offset": 0
    },
    {
      "phase": 2,
      "lock_score": 0.8108628392219543,
      "mean_pilot_ber": 0.0,
      "overall_ber": 0.22413793103448276,
      "sync_source": "pn_repeated_sfd",
      "sfd_pos": 113282,
      "sfd_score": 0.8263539671897888,
      "sync_omega_hat": 7.54505879996259e-09,
      "sync_phase_hat": 1.5421606619537813,
      "payload_cycle_offset": 0
    },
    {
      "phase": 3,
      "lock_score": 0.8531662821769714,
      "mean_pilot_ber": 0.0,
      "overall_ber": 0.15517241379310345,
      "sync_source": "pn_repeated_sfd",
      "sfd_pos": 113282,
      "sfd_score": 0.8660166263580322,
      "sync_omega_hat": 7.525667200525277e-09,
      "sync_phase_hat": 1.5434978135929307,
      "payload_cycle_offset": 0
    },
    {
      "phase": 4,
      "lock_score": 0.041656624525785446,
      "mean_pilot_ber": 0.0,
      "overall_ber": 0.4482758620689655,
      "sync_source": "pn_repeated_sfd",
      "sfd_pos": 147287,
      "sfd_score": 0.17976050078868866,
      "sync_omega_hat": 6.24321483400081e-09,
      "sync_phase_hat": -3.064328070339094,
      "payload_cycle_offset": 0
    },
    {
      "phase": 5,
      "lock_score": 0.04115143418312073,
      "mean_pilot_ber": 0.0,
      "overall_ber": 0.4482758620689655,
      "sync_source": "pn_repeated_sfd",
      "sfd_pos": 147287,
      "sfd_score": 0.18311843276023865,
      "sync_omega_hat": 6.2581078097423415e-09,
      "sync_phase_hat": -3.059145438146283,
      "payload_cycle_offset": 0
    },
    {
      "phase": 6,
      "lock_score": 0.04050935432314873,
      "mean_pilot_ber": 0.0,
      "overall_ber": 0.4482758620689655,
      "sync_source": "pn_repeated_sfd",
      "sfd_pos": 147287,
      "sfd_score": 0.18487414717674255,
      "sync_omega_hat": 6.26400664671678e-09,
      "sync_phase_hat": -3.057420357350628,
      "payload_cycle_offset": 0
    },
    {
      "phase": 7,
      "lock_score": 0.03979755565524101,
      "mean_pilot_ber": 0.0,
      "overall_ber": 0.4482758620689655,
      "sync_source": "pn_repeated_sfd",
      "sfd_pos": 147287,
      "sfd_score": 0.185605987906456,
      "sync_omega_hat": 6.264349927675994e-09,
      "sync_phase_hat": -3.0514445561625796,
      "payload_cycle_offset": 0
    },
    {
      "phase": 8,
      "lock_score": 0.03923823684453964,
      "mean_pilot_ber": 0.0,
      "overall_ber": 0.5344827586206896,
      "sync_source": "pn_repeated_sfd",
      "sfd_pos": 197724,
      "sfd_score": 0.19045761227607727,
      "sync_omega_hat": 5.341155073779191e-08,
      "sync_phase_hat": -0.3650344036489355,
      "payload_cycle_offset": 0
    },
    {
      "phase": 9,
      "lock_score": 0.03875921294093132,
      "mean_pilot_ber": 0.0,
      "overall_ber": 0.5344827586206896,
      "sync_source": "pn_repeated_sfd",
      "sfd_pos": 197724,
      "sfd_score": 0.19224727153778076,
      "sync_omega_hat": 5.330270980152818e-08,
      "sync_phase_hat": -0.35667335166872133,
      "payload_cycle_offset": 0
    },
    {
      "phase": 10,
      "lock_score": 0.0381021648645401,
      "mean_pilot_ber": 0.0,
      "overall_ber": 0.5344827586206896,
      "sync_source": "pn_repeated_sfd",
      "sfd_pos": 197724,
      "sfd_score": 0.19413289427757263,
      "sync_omega_hat": 5.322599605506184e-08,
      "sync_phase_hat": -0.35285727490350693,
      "payload_cycle_offset": 0
    },
    {
      "phase": 11,
      "lock_score": 0.03774251416325569,
      "mean_pilot_ber": 0.0,
      "overall_ber": 0.4482758620689655,
      "sync_source": "pn_repeated_sfd",
      "sfd_pos": 147287,
      "sfd_score": 0.1846030056476593,
      "sync_omega_hat": 6.371170258034908e-09,
      "sync_phase_hat": -3.0331140100448493,
      "payload_cycle_offset": 0
    },
    {
      "phase": 12,
      "lock_score": 0.03860572353005409,
      "mean_pilot_ber": 0.0,
      "overall_ber": 0.4482758620689655,
      "sync_source": "pn_repeated_sfd",
      "sfd_pos": 147287,
      "sfd_score": 0.18321575224399567,
      "sync_omega_hat": 6.484325965061544e-09,
      "sync_phase_hat": -3.032146020754031,
      "payload_cycle_offset": 0
    },
    {
      "phase": 13,
      "lock_score": 0.039305608719587326,
      "mean_pilot_ber": 0.0,
      "overall_ber": 0.4482758620689655,
      "sync_source": "pn_repeated_sfd",
      "sfd_pos": 147287,
      "sfd_score": 0.18095599114894867,
      "sync_omega_hat": 6.5926970549412545e-09,
      "sync_phase_hat": -3.036113243906716,
      "payload_cycle_offset": 0
    },
    {
      "phase": 14,
      "lock_score": 0.04002845287322998,
      "mean_pilot_ber": 0.0,
      "overall_ber": 0.4482758620689655,
      "sync_source": "pn_repeated_sfd",
      "sfd_pos": 147287,
      "sfd_score": 0.17871376872062683,
      "sync_omega_hat": 6.685991316146556e-09,
      "sync_phase_hat": -3.0385841061487557,
      "payload_cycle_offset": 0
    },
    {
      "phase": 15,
      "lock_score": 0.040651243180036545,
      "mean_pilot_ber": 0.0,
      "overall_ber": 0.4482758620689655,
      "sync_source": "pn_repeated_sfd",
      "sfd_pos": 147287,
      "sfd_score": 0.17694774270057678,
      "sync_omega_hat": 6.786577078088385e-09,
      "sync_phase_hat": -3.0378091056524696,
      "payload_cycle_offset": 0
    },
    {
      "phase": 16,
      "lock_score": 0.041236598044633865,
      "mean_pilot_ber": 0.0,