{
  "capture_dir": "/Users/tpdubya/Downloads/WIRELESS/DEFINED-SDR copy/GH_DEFINED_SDR/captures/defined_pilot_sweep_20260421_195635_qpsk_paper_k02_r01_a01",
  "post_costas_file": "/Users/tpdubya/Downloads/WIRELESS/DEFINED-SDR copy/GH_DEFINED_SDR/captures/defined_pilot_sweep_20260421_195635_qpsk_paper_k02_r01_a01/received_processed_qpsk.bin",
  "tx_frame": "/Users/tpdubya/Downloads/WIRELESS/DEFINED-SDR copy/GH_DEFINED_SDR/captures/defined_pilot_sweep_20260421_195635_qpsk_paper_k02_r01_a01/transmitted_frame.bin",
  "metadata": "/Users/tpdubya/Downloads/WIRELESS/DEFINED-SDR copy/GH_DEFINED_SDR/captures/defined_pilot_sweep_20260421_195635_qpsk_paper_k02_r01_a01/frame_metadata.json",
  "sync_mode": "pn_repeated",
  "sync_repeats": 2,
  "sync_preamble_symbols": 8192,
  "sfd_symbols": 127,
  "best_phase": {
    "phase": 24,
    "frame_start": 129079,
    "pilot_start": 137398,
    "lock_score": 0.050252217799425125,
    "frame_lock_pilots_checked": 1,
    "sync_source": "pn_repeated_sfd",
    "sfd_pos": 137271,
    "sfd_score": 0.21610185503959656,
    "sync_omega_hat": -1.9806009277090197e-08,
    "sync_phase_hat": -2.2864331620150944,
    "payload_cycle_offset": 0,
    "mean_pilot_ber": 0.25,
    "mean_snr_db": -5.019306233531021,
    "overall_ber": 0.5517241379310345,
    "total_errors": 32,
    "total_bits": 58,
    "payload_results": [
      {
        "payload_index": 0,
        "pilot_pos": 137398,
        "pilot_drift": 0,
        "pilot_score": 0.7197347283363342,
        "pilot_ber": 0.25,
        "channel_real": -0.5641509294509888,
        "channel_imag": 0.1707325279712677,
        "channel_mag": 0.5894199413897312,
        "channel_phase_deg": 163.16228161644534,
        "snr_db": -5.019306233531021,
        "payload_snr_db": -5.019306233531021,
        "pilot_snr_db": 0.3131424441723332,
        "expected_payload_index": 0,
        "bit_errors": 32,
        "bits": 58,
        "ber": 0.5517241379310345
      }
    ]
  },
  "all_phases": [
    {
      "phase": 0,
      "lock_score": 0.03881639987230301,
      "mean_pilot_ber": 0.0,
      "overall_ber": 0.4482758620689655,
      "sync_source": "pn_repeated_sfd",
      "sfd_pos": 179927,
      "sfd_score": 0.19785097241401672,
      "sync_omega_hat": -1.9108705728854147e-08,
      "sync_phase_hat": 1.7972758590304707,
      "payload_cycle_offset": 0
    },
    {
      "phase": 1,
      "lock_score": 0.038156505674123764,
      "mean_pilot_ber": 0.0,
      "overall_ber": 0.4482758620689655,
      "sync_source": "pn_repeated_sfd",
      "sfd_pos": 179927,
      "sfd_score": 0.1982748955488205,
      "sync_omega_hat": -1.9098054693245103e-08,
      "sync_phase_hat": 1.803488827030684,
      "payload_cycle_offset": 0
    },
    {
      "phase": 2,
      "lock_score": 0.03739842772483826,
      "mean_pilot_ber": 0.0,
      "overall_ber": 0.4482758620689655,
      "sync_source": "pn_repeated_sfd",
      "sfd_pos": 179927,
      "sfd_score": 0.19890755414962769,
      "sync_omega_hat": -1.9067078582679642e-08,
      "sync_phase_hat": 1.8069615261826328,
      "payload_cycle_offset": 0
    },
    {
      "phase": 3,
      "lock_score": 0.03806152567267418,
      "mean_pilot_ber": 0.0,
      "overall_ber": 0.4482758620689655,
      "sync_source": "pn_repeated_sfd",
      "sfd_pos": 179927,
      "sfd_score": 0.1980949342250824,
      "sync_omega_hat": -1.895678281016444e-08,
      "sync_phase_hat": 1.8092681895501839,
      "payload_cycle_offset": 0
    },
    {
      "phase": 4,
      "lock_score": 0.039054807275533676,
      "mean_pilot_ber": 0.0,
      "overall_ber": 0.4482758620689655,
      "sync_source": "pn_repeated_sfd",
      "sfd_pos": 179927,
      "sfd_score": 0.1970714032649994,
      "sync_omega_hat": -1.882670552788568e-08,
      "sync_phase_hat": 1.8145797146170566,
      "payload_cycle_offset": 0
    },
    {
      "phase": 5,
      "lock_score": 0.039826635271310806,
      "mean_pilot_ber": 0.0,
      "overall_ber": 0.4482758620689655,
      "sync_source": "pn_repeated_sfd",
      "sfd_pos": 179927,
      "sfd_score": 0.19487489759922028,
      "sync_omega_hat": -1.8683680380604528e-08,
      "sync_phase_hat": 1.8173818388527871,
      "payload_cycle_offset": 0
    },
    {
      "phase": 6,
      "lock_score": 0.04054988920688629,
      "mean_pilot_ber": 0.0,
      "overall_ber": 0.4482758620689655,
      "sync_source": "pn_repeated_sfd",
      "sfd_pos": 179927,
      "sfd_score": 0.1920790672302246,
      "sync_omega_hat": -1.8550437630437955e-08,
      "sync_phase_hat": 1.8154993986139183,
      "payload_cycle_offset": 0
    },
    {
      "phase": 7,
      "lock_score": 0.04125499725341797,
      "mean_pilot_ber": 0.0,
      "overall_ber": 0.4482758620689655,
      "sync_source": "pn_repeated_sfd",
      "sfd_pos": 179927,
      "sfd_score": 0.18975518643856049,
      "sync_omega_hat": -1.8413579994103202e-08,
      "sync_phase_hat": 1.8180551760049526,
      "payload_cycle_offset": 0
    },
    {
      "phase": 8,
      "lock_score": 0.04194086045026779,
      "mean_pilot_ber": 0.0,
      "overall_ber": 0.4482758620689655,
      "sync_source": "pn_repeated_sfd",
      "sfd_pos": 179927,
      "sfd_score": 0.187236487865448,
      "sync_omega_hat": -1.8284930902723318e-08,
      "sync_phase_hat": 1.8214769879094852,
      "payload_cycle_offset": 0
    },
    {
      "phase": 9,
      "lock_score": 0.04239198565483093,
      "mean_pilot_ber": 0.0,
      "overall_ber": 0.4827586206896552,
      "sync_source": "pn_repeated_sfd",
      "sfd_pos": 179927,
      "sfd_score": 0.18376260995864868,
      "sync_omega_hat": -1.8156066872165866e-08,
      "sync_phase_hat": 1.823420792472192,
      "payload_cycle_offset": 0
    },
    {
      "phase": 10,
      "lock_score": 0.042680248618125916,
      "mean_pilot_ber": 0.0,
      "overall_ber": 0.4827586206896552,
      "sync_source": "pn_repeated_sfd",
      "sfd_pos": 179927,
      "sfd_score": 0.18069328367710114,
      "sync_omega_hat": -1.804682625561327e-08,
      "sync_phase_hat": 1.8304001767820324,
      "payload_cycle_offset": 0
    },
    {
      "phase": 11,
      "lock_score": 0.04278271645307541,
      "mean_pilot_ber": 0.0,
      "overall_ber": 0.4827586206896552,
      "sync_source": "pn_repeated_sfd",
      "sfd_pos": 179927,
      "sfd_score": 0.17737363278865814,
      "sync_omega_hat": -1.7908808658262387e-08,
      "sync_phase_hat": 1.8341805519651506,
      "payload_cycle_offset": 0
    },
    {
      "phase": 12,
      "lock_score": 0.04286598786711693,
      "mean_pilot_ber": 0.0,
      "overall_ber": 0.4827586206896552,
      "sync_source": "pn_repeated_sfd",
      "sfd_pos": 179927,
      "sfd_score": 0.1732240617275238,
      "sync_omega_hat": -1.7732340040765848e-08,
      "sync_phase_hat": 1.8341937812125224,
      "payload_cycle_offset": 0
    },
    {
      "phase": 13,
      "lock_score": 0.04242989048361778,
      "mean_pilot_ber": 0.0,
      "overall_ber": 0.5,
      "sync_source": "pn_repeated_sfd",
      "sfd_pos": 179927,
      "sfd_score": 0.16892050206661224,
      "sync_omega_hat": -1.7622294734565003e-08,
      "sync_phase_hat": 1.8400268285114956,
      "payload_cycle_offset": 0
    },
    {
      "phase": 14,
      "lock_score": 0.041603825986385345,
      "mean_pilot_ber": 0.0,
      "overall_ber": 0.4827586206896552,
      "sync_source": "pn_repeated_sfd",
      "sfd_pos": 179927,
      "sfd_score": 0.16481824219226837,
      "sync_omega_hat": -1.749082478852415e-08,
      "sync_phase_hat": 1.8438819890272315,
      "payload_cycle_offset": 0
    },
    {
      "phase": 15,
      "lock_score": 0.04078231379389763,
      "mean_pilot_ber": 0.0,
      "overall_ber": 0.5172413793103449,
      "sync_source": "pn_repeated_sfd",
      "sfd_pos": 179915,
      "sfd_score": 0.1613953411579132,
      "sync_omega_hat": -1.7399194973677368e-08,
      "sync_phase_hat": 1.8527925992989687,
      "payload_cycle_offset": 0
    },
    {
      "phase": 16,
      "lock_score": 0.040585629642009735,