{
  "capture_dir": "/Users/tpdubya/Downloads/WIRELESS/DEFINED-SDR copy/GH_DEFINED_SDR/captures/defined_pilot_sweep_20260421_195635_qpsk_paper_k02_r04_a02",
  "post_costas_file": "/Users/tpdubya/Downloads/WIRELESS/DEFINED-SDR copy/GH_DEFINED_SDR/captures/defined_pilot_sweep_20260421_195635_qpsk_paper_k02_r04_a02/received_processed_qpsk.bin",
  "tx_frame": "/Users/tpdubya/Downloads/WIRELESS/DEFINED-SDR copy/GH_DEFINED_SDR/captures/defined_pilot_sweep_20260421_195635_qpsk_paper_k02_r04_a02/transmitted_frame.bin",
  "metadata": "/Users/tpdubya/Downloads/WIRELESS/DEFINED-SDR copy/GH_DEFINED_SDR/captures/defined_pilot_sweep_20260421_195635_qpsk_paper_k02_r04_a02/frame_metadata.json",
  "sync_mode": "pn_repeated",
  "sync_repeats": 2,
  "sync_preamble_symbols": 8192,
  "sfd_symbols": 127,
  "best_phase": {
    "phase": 9,
    "frame_start": 192768,
    "pilot_start": 201087,
    "lock_score": 0.9963541626930237,
    "frame_lock_pilots_checked": 1,
    "sync_source": "pn_repeated_sfd",
    "sfd_pos": 200960,
    "sfd_score": 0.9976446032524109,
    "sync_omega_hat": 1.2656670378419221e-08,
    "sync_phase_hat": 1.5089905656350233,
    "payload_cycle_offset": 0,
    "mean_pilot_ber": 0.0,
    "mean_snr_db": 7.179041157926261,
    "overall_ber": 0.034482758620689655,
    "total_errors": 2,
    "total_bits": 58,
    "payload_results": [
      {
        "payload_index": 0,
        "pilot_pos": 201087,
        "pilot_drift": 0,
        "pilot_score": 0.9855058789253235,
        "pilot_ber": 0.0,
        "channel_real": 0.21131716668605804,
        "channel_imag": -0.003929961938410997,
        "channel_mag": 0.21135370717605262,
        "channel_phase_deg": -1.0654329797381825,
        "snr_db": 7.179041157926261,
        "payload_snr_db": 7.179041157926261,
        "pilot_snr_db": 15.28254545820898,
        "expected_payload_index": 0,
        "bit_errors": 2,
        "bits": 58,
        "ber": 0.034482758620689655
      }
    ]
  },
  "all_phases": [
    {
      "phase": 0,
      "lock_score": 0.848330557346344,
      "mean_pilot_ber": 0.0,
      "overall_ber": 0.1724137931034483,
      "sync_source": "pn_repeated_sfd",
      "sfd_pos": 200960,
      "sfd_score": 0.8655170798301697,
      "sync_omega_hat": 1.2784483693906168e-08,
      "sync_phase_hat": 1.4995456080180174,
      "payload_cycle_offset": 0
    },
    {
      "phase": 1,
      "lock_score": 0.8852581977844238,
      "mean_pilot_ber": 0.0,
      "overall_ber": 0.15517241379310345,
      "sync_source": "pn_repeated_sfd",
      "sfd_pos": 200960,
      "sfd_score": 0.8994346857070923,
      "sync_omega_hat": 1.2782067848604584e-08,
      "sync_phase_hat": 1.501259617921254,
      "payload_cycle_offset": 0
    },
    {
      "phase": 2,
      "lock_score": 0.915250837802887,
      "mean_pilot_ber": 0.0,
      "overall_ber": 0.1206896551724138,
      "sync_source": "pn_repeated_sfd",
      "sfd_pos": 200960,
      "sfd_score": 0.9265366792678833,
      "sync_omega_hat": 1.2761529610827438e-08,
      "sync_phase_hat": 1.5026129416448504,
      "payload_cycle_offset": 0
    },
    {
      "phase": 3,
      "lock_score": 0.9400387406349182,
      "mean_pilot_ber": 0.0,
      "overall_ber": 0.1206896551724138,
      "sync_source": "pn_repeated_sfd",
      "sfd_pos": 200960,
      "sfd_score": 0.9485641717910767,
      "sync_omega_hat": 1.2738285981583886e-08,
      "sync_phase_hat": 1.5039825182202153,
      "payload_cycle_offset": 0
    },
    {
      "phase": 4,
      "lock_score": 0.9587908387184143,
      "mean_pilot_ber": 0.0,
      "overall_ber": 0.08620689655172414,
      "sync_source": "pn_repeated_sfd",
      "sfd_pos": 200960,
      "sfd_score": 0.9656713604927063,
      "sync_omega_hat": 1.2733847754020644e-08,
      "sync_phase_hat": 1.5047688630797722,
      "payload_cycle_offset": 0
    },
    {
      "phase": 5,
      "lock_score": 0.9734176397323608,
      "mean_pilot_ber": 0.0,
      "overall_ber": 0.06896551724137931,
      "sync_source": "pn_repeated_sfd",
      "sfd_pos": 200960,
      "sfd_score": 0.9784448146820068,
      "sync_omega_hat": 1.2722421338651202e-08,
      "sync_phase_hat": 1.5057508823253045,
      "payload_cycle_offset": 0
    },
    {
      "phase": 6,
      "lock_score": 0.98336261510849,
      "mean_pilot_ber": 0.0,
      "overall_ber": 0.05172413793103448,
      "sync_source": "pn_repeated_sfd",
      "sfd_pos": 200960,
      "sfd_score": 0.9872086048126221,
      "sync_omega_hat": 1.2705024587944536e-08,
      "sync_phase_hat": 1.5065479822073835,
      "payload_cycle_offset": 0
    },
    {
      "phase": 7,
      "lock_score": 0.9904939532279968,
      "mean_pilot_ber": 0.0,
      "overall_ber": 0.034482758620689655,
      "sync_source": "pn_repeated_sfd",
      "sfd_pos": 200960,
      "sfd_score": 0.9931644201278687,
      "sync_omega_hat": 1.2694251871891993e-08,
      "sync_phase_hat": 1.5074233396515568,
      "payload_cycle_offset": 0
    },
    {
      "phase": 8,
      "lock_score": 0.9943400025367737,
      "mean_pilot_ber": 0.0,
      "overall_ber": 0.034482758620689655,
      "sync_source": "pn_repeated_sfd",
      "sfd_pos": 200960,
      "sfd_score": 0.9963606595993042,
      "sync_omega_hat": 1.2666156123941619e-08,
      "sync_phase_hat": 1.5082813827266977,
      "payload_cycle_offset": 0
    },
    {
      "phase": 9,
      "lock_score": 0.9963541626930237,
      "mean_pilot_ber": 0.0,
      "overall_ber": 0.034482758620689655,
      "sync_source": "pn_repeated_sfd",
      "sfd_pos": 200960,
      "sfd_score": 0.9976446032524109,
      "sync_omega_hat": 1.2656670378419221e-08,
      "sync_phase_hat": 1.5089905656350233,
      "payload_cycle_offset": 0
    },
    {
      "phase": 10,
      "lock_score": 0.9962430596351624,
      "mean_pilot_ber": 0.0,
      "overall_ber": 0.017241379310344827,
      "sync_source": "pn_repeated_sfd",
      "sfd_pos": 200960,
      "sfd_score": 0.9971669912338257,
      "sync_omega_hat": 1.2677232597013699e-08,
      "sync_phase_hat": 1.5092072990483474,
      "payload_cycle_offset": 0
    },
    {
      "phase": 11,
      "lock_score": 0.9939073920249939,
      "mean_pilot_ber": 0.0,
      "overall_ber": 0.017241379310344827,
      "sync_source": "pn_repeated_sfd",
      "sfd_pos": 200960,
      "sfd_score": 0.9944779276847839,
      "sync_omega_hat": 1.2773393898157792e-08,
      "sync_phase_hat": 1.5094359104822024,
      "payload_cycle_offset": 0
    },
    {
      "phase": 12,
      "lock_score": 0.9897920489311218,
      "mean_pilot_ber": 0.0,
      "overall_ber": 0.05172413793103448,
      "sync_source": "pn_repeated_sfd",
      "sfd_pos": 200960,
      "sfd_score": 0.9900052547454834,
      "sync_omega_hat": 1.2864905585274755e-08,
      "sync_phase_hat": 1.5095193929511939,
      "payload_cycle_offset": 0
    },
    {
      "phase": 13,
      "lock_score": 0.981923520565033,
      "mean_pilot_ber": 0.0,
      "overall_ber": 0.06896551724137931,
      "sync_source": "pn_repeated_sfd",
      "sfd_pos": 200960,
      "sfd_score": 0.981923520565033,
      "sync_omega_hat": 1.2972601659555494e-08,
      "sync_phase_hat": 1.5099380955418809,
      "payload_cycle_offset": 0
    },
    {
      "phase": 14,
      "lock_score": 0.9711495041847229,
      "mean_pilot_ber": 0.0,
      "overall_ber": 0.06896551724137931,
      "sync_source": "pn_repeated_sfd",
      "sfd_pos": 200960,
      "sfd_score": 0.9711495041847229,
      "sync_omega_hat": 1.30549224763854e-08,
      "sync_phase_hat": 1.5102559089095804,
      "payload_cycle_offset": 0
    },
    {
      "phase": 15,
      "lock_score": 0.9551597833633423,
      "mean_pilot_ber": 0.0,
      "overall_ber": 0.08620689655172414,
      "sync_source": "pn_repeated_sfd",
      "sfd_pos": 200960,
      "sfd_score": 0.9551597833633423,
      "sync_omega_hat": 1.3148797606277185e-08,
      "sync_phase_hat": 1.5106328845260457,
      "payload_cycle_offset": 0
    },
    {
      "phase": 16,
      "lock_score": 0.9354918599128723,
      "mean_pilot_ber": 0.0,